code,date,nav
000216,20260617,3.2551
000917,20260617,1.3172
001170,20260617,5.901
007044,20260617,1.9793
007045,20260617,1.9237
007817,20260617,4.8559
007818,20260617,4.7536
009993,20260617,2.83
013840,20260617,2.9683
013841,20260617,2.9414
014201,20260617,1.6872
014202,20260617,1.665
015453,20260617,1.6295
015454,20260617,1.5898
016370,20260617,3.5252
017488,20260617,4.2506
017489,20260617,4.1633
017612,20260617,5.842
019632,20260617,2.9471
019633,20260617,2.932
019923,20260617,2.121
019924,20260617,2.1007
161119,20260617,1.7864
000216,20260618,3.2441
000917,20260618,1.3173
001170,20260618,6.062
007044,20260618,1.9904
007045,20260618,1.9344
007817,20260618,5.0275
007818,20260618,4.9215
009993,20260618,2.9226
013840,20260618,3.0303
013841,20260618,3.0029
014201,20260618,1.7014
014202,20260618,1.679
015453,20260618,1.6275
015454,20260618,1.5879
016370,20260618,3.6402
017488,20260618,4.3864
017489,20260618,4.2962
017612,20260618,6.001
019632,20260618,2.9918
019633,20260618,2.9764
019923,20260618,2.1386
019924,20260618,2.1181
161119,20260618,1.7869
000216,20260622,3.168
000917,20260622,1.3175
001170,20260622,6.259
007044,20260622,2.0345
007045,20260622,1.9772
007817,20260622,5.1121
007818,20260622,5.0042
009993,20260622,2.9905
013840,20260622,3.0779
013841,20260622,3.05
014201,20260622,1.7336
014202,20260622,1.7107
015453,20260622,1.6669
015454,20260622,1.6263
016370,20260622,3.7212
017488,20260622,4.5078
017489,20260622,4.4148
017612,20260622,6.196
019632,20260622,3.0754
019633,20260622,3.0595
019923,20260622,2.1397
019924,20260622,2.1191
161119,20260622,1.7871
000216,20260623,3.116
000917,20260623,1.3175
001170,20260623,5.996
007044,20260623,1.9837
007045,20260623,1.9278
007817,20260623,4.9665
007818,20260623,4.8616
009993,20260623,2.9276
013840,20260623,3.1005
013841,20260623,3.0724
014201,20260623,1.6997
014202,20260623,1.6772
015453,20260623,1.6389
015454,20260623,1.5989
016370,20260623,3.6162
017488,20260623,4.4028
017489,20260623,4.3119
017612,20260623,5.935
019632,20260623,3.0746
019633,20260623,3.0587
019923,20260623,2.1276
019924,20260623,2.1071
161119,20260623,1.7863
000216,20260624,3.0984
000917,20260624,1.3176
001170,20260624,6.113
007044,20260624,1.9931
007045,20260624,1.9369
007817,20260624,5.0423
007818,20260624,4.9357
009993,20260624,3.0529
013840,20260624,3.353
013841,20260624,3.3226
014201,20260624,1.7213
014202,20260624,1.6985
015453,20260624,1.6619
015454,20260624,1.6214
016370,20260624,3.7087
017488,20260624,4.5109
017489,20260624,4.4177
017612,20260624,6.051
019632,20260624,3.2309
019633,20260624,3.2141
019923,20260624,2.1312
019924,20260624,2.1107
161119,20260624,1.7862
000216,20260625,3.0309
000917,20260625,1.3176
001170,20260625,6.312
007044,20260625,2.0205
007045,20260625,1.9635
007817,20260625,5.1945
007818,20260625,5.0848
009993,20260625,3.1735
013840,20260625,3.4602
013841,20260625,3.4287
014201,20260625,1.7284
014202,20260625,1.7056
015453,20260625,1.674
015454,20260625,1.6331
016370,20260625,3.8424
017488,20260625,4.6886
017489,20260625,4.5916
017612,20260625,6.248
019632,20260625,3.3209
019633,20260625,3.3036
019923,20260625,2.1113
019924,20260625,2.0909
161119,20260625,1.7875
000216,20260626,3.0598
000917,20260626,1.3176
001170,20260626,5.99
007044,20260626,1.9618
007045,20260626,1.9065
007817,20260626,4.8685
007818,20260626,4.7655
009993,20260626,3.0956
013840,20260626,3.571
013841,20260626,3.5386
014201,20260626,1.6812
014202,20260626,1.6589
015453,20260626,1.6269
015454,20260626,1.5871
016370,20260626,3.5971
017488,20260626,4.4158
017489,20260626,4.3244
017612,20260626,5.93
019632,20260626,3.4331
019633,20260626,3.4153
019923,20260626,2.0535
019924,20260626,2.0337
161119,20260626,1.788
000216,20260629,3.0723
000917,20260629,1.3178
001170,20260629,5.795
007044,20260629,1.9811
007045,20260629,1.9252
007817,20260629,4.7592
007818,20260629,4.6585
009993,20260629,3.1442
013840,20260629,3.8559
013841,20260629,3.8208
014201,20260629,1.6827
014202,20260629,1.6604
015453,20260629,1.6415
015454,20260629,1.6013
016370,20260629,3.4931
017488,20260629,4.3343
017489,20260629,4.2444
017612,20260629,5.736
019632,20260629,3.7001
019633,20260629,3.6808
019923,20260629,2.0397
019924,20260629,2.02
161119,20260629,1.7897
000216,20260630,3.0429
000917,20260630,1.3178
001170,20260630,6.024
007044,20260630,2.0031
007045,20260630,1.9465
007817,20260630,4.9737
007818,20260630,4.8684
009993,20260630,3.2499
013840,20260630,4.0259
013841,20260630,3.9892
014201,20260630,1.7173
014202,20260630,1.6945
015453,20260630,1.6697
015454,20260630,1.6287
016370,20260630,3.682
017488,20260630,4.5731
017489,20260630,4.4781
017612,20260630,5.962
019632,20260630,3.8034
019633,20260630,3.7836
019923,20260630,2.1004
019924,20260630,2.08
161119,20260630,1.7882
162214,20260630,3.087
000216,20260701,3.0102
000917,20260701,1.3178
001170,20260701,5.777
007044,20260701,1.9953
007045,20260701,1.9389
007817,20260701,4.77
007818,20260701,4.6689
009993,20260701,3.1869
013840,20260701,3.9715
013841,20260701,3.9353
014201,20260701,1.7428
014202,20260701,1.7196
015453,20260701,1.6754
015454,20260701,1.6342
016370,20260701,3.4897
017488,20260701,4.3589
017489,20260701,4.2683
017612,20260701,5.718
019632,20260701,3.8296
019633,20260701,3.8097
019923,20260701,2.128
019924,20260701,2.1073
161119,20260701,1.7865
162214,20260701,3.037
000216,20260702,3.0728
000917,20260702,1.3179
001170,20260702,5.363
007044,20260702,1.9341
007045,20260702,1.8795
007817,20260702,4.4049
007818,20260702,4.3115
009993,20260702,2.9271
013840,20260702,3.563
013841,20260702,3.5305
014201,20260702,1.7058
014202,20260702,1.6831
015453,20260702,1.624
015454,20260702,1.5841
016370,20260702,3.149
017488,20260702,3.9686
017489,20260702,3.8861
017612,20260702,5.309
019632,20260702,3.4959
019633,20260702,3.4777
019923,20260702,2.0951
019924,20260702,2.0747
161119,20260702,1.7867
162214,20260702,2.777
000216,20260703,3.1547
000917,20260703,1.318
001170,20260703,5.405
007044,20260703,1.9475
007045,20260703,1.8924
007817,20260703,4.4033
007818,20260703,4.3099
009993,20260703,2.9794
013840,20260703,3.4995
013841,20260703,3.4676
014201,20260703,1.7109
014202,20260703,1.6882
015453,20260703,1.6383
015454,20260703,1.598
016370,20260703,3.1377
017488,20260703,3.9688
017489,20260703,3.8863
017612,20260703,5.35
019632,20260703,3.3914
019633,20260703,3.3737
019923,20260703,2.1028
019924,20260703,2.0823
161119,20260703,1.7863
162214,20260703,2.741
000216,20260706,3.145
000917,20260706,1.3181
001170,20260706,5.234
007044,20260706,1.9455
007045,20260706,1.8904
007817,20260706,4.2539
007818,20260706,4.1636
009993,20260706,2.9168
013840,20260706,3.5334
013841,20260706,3.5012
014201,20260706,1.6875
014202,20260706,1.665
015453,20260706,1.6289
015454,20260706,1.5888
016370,20260706,3.0129
017488,20260706,3.8572
017489,20260706,3.7768
017612,20260706,5.18
019632,20260706,3.3597
019633,20260706,3.3421
019923,20260706,2.0773
019924,20260706,2.057
161119,20260706,1.7876
162214,20260706,2.759
000216,20260707,3.1265
000917,20260707,1.3182
001170,20260707,5.26
007044,20260707,1.9216
007045,20260707,1.8671
007817,20260707,4.2548
007818,20260707,4.1645
009993,20260707,2.873
013840,20260707,3.5808
013841,20260707,3.548
014201,20260707,1.6538
014202,20260707,1.6317
015453,20260707,1.6017
015454,20260707,1.5623
016370,20260707,3.0265
017488,20260707,3.8613
017489,20260707,3.7807
017612,20260707,5.206
019632,20260707,3.4097
019633,20260707,3.3918
019923,20260707,2.0247
019924,20260707,2.0049
161119,20260707,1.7878
162214,20260707,2.811
