证券代码,证券简称,日期,收盘价,涨跌幅
000933.SH,800医卫,20260904,7873.5287,-0.18946755081223
000300.SH,沪深300,20260904,4548.0499,-0.099471104111032
000933.SH,800医卫,20260903,7888.4748,0.61588957580978
000300.SH,沪深300,20260903,4552.5784,0.10163906822404
000933.SH,800医卫,20260902,7840.1879,-0.71170524838392
000300.SH,沪深300,20260902,4547.9559,-1.3766525913796
000933.SH,800医卫,20260901,7896.3869,0.34355691229031
000300.SH,沪深300,20260901,4611.4394,-0.29506044665718
000933.SH,800医卫,20260831,7869.3512,-1.2544900913573
000300.SH,沪深300,20260831,4625.0862,0.34517663502745
000933.SH,800医卫,20260830,7969.3256,
000300.SH,沪深300,20260830,4609.1764,
000933.SH,800医卫,20260829,7969.3256,
000300.SH,沪深300,20260829,4609.1764,
000933.SH,800医卫,20260828,7969.3256,-1.0827489988001
000300.SH,沪深300,20260828,4609.1764,-0.45570923726593
000933.SH,800医卫,20260827,8056.5579,0.64551456652995
000300.SH,沪深300,20260827,4630.277,0.8600582883983
000933.SH,800医卫,20260826,8004.8852,0.12690094054092
000300.SH,沪深300,20260826,4590.7935,0.85150752215615
000933.SH,800医卫,20260825,7994.7398,1.6677939505834
000300.SH,沪深300,20260825,4552.0326,-0.24312277463439
000933.SH,800医卫,20260824,7863.5913,-3.0344494803633
000300.SH,沪深300,20260824,4563.1266,-1.2074012850519
000933.SH,800医卫,20260823,8109.6753,
000300.SH,沪深300,20260823,4618.8952,
000933.SH,800医卫,20260822,8109.6753,
000300.SH,沪深300,20260822,4618.8952,
000933.SH,800医卫,20260821,8109.6753,-3.3959609079857
000300.SH,沪深300,20260821,4618.8952,0.56926237489414
000933.SH,800医卫,20260820,8394.758,2.7745119012643
000300.SH,沪深300,20260820,4592.7504,0.088367162301358
000933.SH,800医卫,20260819,8168.1322,-1.4351737997501
000300.SH,沪深300,20260819,4588.6955,-2.9014666554545
000933.SH,800医卫,20260818,8287.066,-0.4359362254419
000300.SH,沪深300,20260818,4725.8134,-0.32238733891628
000933.SH,800医卫,20260817,8323.3505,0.72947798647118
000300.SH,沪深300,20260817,4741.0981,1.6120620473577
000933.SH,800医卫,20260816,8263.0732,
000300.SH,沪深300,20260816,4665.8812,
000933.SH,800医卫,20260815,8263.0732,
000300.SH,沪深300,20260815,4665.8812,
000933.SH,800医卫,20260814,8263.0732,-1.314606069682
000300.SH,沪深300,20260814,4665.8812,0.041379077007088
000933.SH,800医卫,20260813,8373.1471,0.43691630089744
000300.SH,沪深300,20260813,4663.9513,-0.57483862695063
000933.SH,800医卫,20260812,8336.7226,-0.53344458559109
000300.SH,沪深300,20260812,4690.9165,0.58166871925394
000933.SH,800医卫,20260811,8381.4329,0.11140087889233
000300.SH,沪深300,20260811,4663.7887,-0.81318160663852
000933.SH,800医卫,20260810,8372.1063,1.3954056692441
000300.SH,沪深300,20260810,4702.0247,0.1616424037262
000933.SH,800医卫,20260809,8256.8892,
000300.SH,沪深300,20260809,4694.4365,
000933.SH,800医卫,20260808,8256.8892,
000300.SH,沪深300,20260808,4694.4365,
000933.SH,800医卫,20260807,8256.8892,4.4804770477847
000300.SH,沪深300,20260807,4694.4365,0.92719474415572
000933.SH,800医卫,20260806,7902.8058,-1.5849337039998
000300.SH,沪深300,20260806,4651.3098,-0.14694874144268
000933.SH,800医卫,20260805,8030.0772,0.73020164098332
000300.SH,沪深300,20260805,4658.1549,1.2437593057265
000933.SH,800医卫,20260804,7971.8665,1.6606699001983
000300.SH,沪深300,20260804,4600.9304,1.2711872334479
000933.SH,800医卫,20260803,7841.6427,-1.1625437877003
000300.SH,沪深300,20260803,4543.1781,-0.98118502676258
000933.SH,800医卫,20260802,7933.8775,
000300.SH,沪深300,20260802,4588.1968,
000933.SH,800医卫,20260801,7933.8775,
000300.SH,沪深300,20260801,4588.1968,
000933.SH,800医卫,20260731,7933.8775,0.61184077873295
000300.SH,沪深300,20260731,4588.1968,0.84569378234938
000933.SH,800医卫,20260730,7885.63,-0.12313953362156
000300.SH,沪深300,20260730,4549.7201,-1.0986829794753
000933.SH,800医卫,20260729,7895.3523,1.5986787793997
000300.SH,沪深300,20260729,4600.2624,0.67269377211868
000933.SH,800医卫,20260728,7771.1171,-1.2322448539165
000300.SH,沪深300,20260728,4569.5235,-2.8262787353731
000933.SH,800医卫,20260727,7868.071,1.4437018128231
000300.SH,沪深300,20260727,4702.4272,1.1450485038077
000933.SH,800医卫,20260726,7756.0961,
000300.SH,沪深300,20260726,4649.1917,
000933.SH,800医卫,20260725,7756.0961,
000300.SH,沪深300,20260725,4649.1917,
000933.SH,800医卫,20260724,7756.0961,-3.3285249135234
000300.SH,沪深300,20260724,4649.1917,-1.6668796530492
000933.SH,800医卫,20260723,8023.1486,-0.49978615849302
000300.SH,沪深300,20260723,4728.0018,0.22804840164942
000933.SH,800医卫,20260722,8063.4486,0.39466116875345
000300.SH,沪深300,20260722,4717.2442,-0.4638835007055
000933.SH,800医卫,20260721,8031.7504,0.48525678334095
000300.SH,沪深300,20260721,4739.2287,3.064333832472
000933.SH,800医卫,20260720,7992.964,3.1723158141916
000300.SH,沪深300,20260720,4598.3208,1.5284619866577
000933.SH,800医卫,20260719,7747.1984,
000300.SH,沪深300,20260719,4529.0953,
000933.SH,800医卫,20260718,7747.1984,
000300.SH,沪深300,20260718,4529.0953,
000933.SH,800医卫,20260717,7747.1984,-4.5976898824322
000300.SH,沪深300,20260717,4529.0953,-3.6041601432171
000933.SH,800医卫,20260716,8120.5564,0.30379096659748
000300.SH,沪深300,20260716,4698.4344,-1.8456738835111
000933.SH,800医卫,20260715,8095.9616,3.168115956619
000300.SH,沪深300,20260715,4786.7828,-0.20263100067508
000933.SH,800医卫,20260714,7847.3485,2.5044806654399
000300.SH,沪深300,20260714,4796.502,2.1535836373732
000933.SH,800医卫,20260713,7655.6151,-0.49677300114014
000300.SH,沪深300,20260713,4695.383,-1.7863942769084
000933.SH,800医卫,20260712,7693.836,
000300.SH,沪深300,20260712,4780.7867,
000933.SH,800医卫,20260711,7693.836,
000300.SH,沪深300,20260711,4780.7867,
000933.SH,800医卫,20260710,7693.836,1.8427241346496
000300.SH,沪深300,20260710,4780.7867,-1.9589761730816
000933.SH,800医卫,20260709,7554.6251,1.4099705727354
000300.SH,沪深300,20260709,4876.3125,2.5397506374574
000933.SH,800医卫,20260708,7449.5881,-1.071136136525
000300.SH,沪深300,20260708,4755.5338,-0.76641462704545
000933.SH,800医卫,20260707,7530.2473,-3.6376464013439
000300.SH,沪深300,20260707,4792.2624,-1.0271710149405
000933.SH,800医卫,20260706,7814.5116,0.84658481989178
000300.SH,沪深300,20260706,4841.998,-0.0036285356719171
000933.SH,800医卫,20260705,7748.9105,
000300.SH,沪深300,20260705,4842.1737,
000933.SH,800医卫,20260704,7748.9105,
000300.SH,沪深300,20260704,4842.1737,
000933.SH,800医卫,20260703,7748.9105,2.0428855554026
000300.SH,沪深300,20260703,4842.1737,0.62086791549407
000933.SH,800医卫,20260702,7593.7783,-0.24890686673654
000300.SH,沪深300,20260702,4812.2957,-2.9579002105938
000933.SH,800医卫,20260701,7612.7269,3.5683818616838
000300.SH,沪深300,20260701,4958.9773,-0.41079980033067
000933.SH,800医卫,20260630,7350.4353,-1.5260772308683
000300.SH,沪深300,20260630,4979.4328,1.0658137201713
000933.SH,800医卫,20260629,7464.347,6.3983760006527
000300.SH,沪深300,20260629,4926.921,1.2057896720167
000933.SH,800医卫,20260628,7015.4708,
000300.SH,沪深300,20260628,4868.2205,
000933.SH,800医卫,20260627,7015.4708,
000300.SH,沪深300,20260627,4868.2205,
000933.SH,800医卫,20260626,7015.4708,-2.8068549500119
000300.SH,沪深300,20260626,4868.2205,-3.025501185852
000933.SH,800医卫,20260625,7218.0716,0.46572458180792
000300.SH,沪深300,20260625,5020.1038,1.5594536271017
000933.SH,800医卫,20260624,7184.6111,1.1410880805244
000300.SH,沪深300,20260624,4943.0197,0.48041971091513
000933.SH,800医卫,20260623,7103.5533,0.30827104999202
000300.SH,沪深300,20260623,4919.386,-2.772365137234
000933.SH,800医卫,20260622,7081.7224,0.99208289148159
000300.SH,沪深300,20260622,5059.6582,2.3890973257116
000933.SH,800医卫,20260621,7012.156,
000300.SH,沪深300,20260621,4941.5986,
000933.SH,800医卫,20260620,7012.156,
000300.SH,沪深300,20260620,4941.5986,
000933.SH,800医卫,20260619,7012.156,
000300.SH,沪深300,20260619,4941.5986,
000933.SH,800医卫,20260618,7012.156,1.0056216905352
000300.SH,沪深300,20260618,4941.5986,0.20709187625768
000933.SH,800医卫,20260617,6942.3423,-0.55067598569662
000300.SH,沪深300,20260617,4931.3861,0.96543116848538
000933.SH,800医卫,20260616,6980.7838,-1.7812198891409
000300.SH,沪深300,20260616,4884.2322,-0.15291985878319
000933.SH,800医卫,20260615,7107.3819,-0.44829476545844
000300.SH,沪深300,20260615,4891.7126,2.3944802867113
000933.SH,800医卫,20260614,7139.3874,
000300.SH,沪深300,20260614,4777.3206,
000933.SH,800医卫,20260613,7139.3874,
000300.SH,沪深300,20260613,4777.3206,
000933.SH,800医卫,20260612,7139.3874,2.0456418141053
000300.SH,沪深300,20260612,4777.3206,1.162719340764
000933.SH,800医卫,20260611,6996.2688,-0.24937553460987
000300.SH,沪深300,20260611,4722.4122,-0.55134223752838
000933.SH,800医卫,20260610,7013.7594,1.0103484000126
000300.SH,沪深300,20260610,4748.5932,-1.1082777817184
000933.SH,800医卫,20260609,6943.6048,-0.19446656921562
000300.SH,沪深300,20260609,4801.8106,1.8706324319753
000933.SH,800医卫,20260608,6957.1341,-1.9277458947678
000300.SH,沪深300,20260608,4713.6358,-2.1441938447015
000933.SH,800医卫,20260607,7093.8862,
000300.SH,沪深300,20260607,4816.9199,
000933.SH,800医卫,20260606,7093.8862,
000300.SH,沪深300,20260606,4816.9199,
000933.SH,800医卫,20260605,7093.8862,0.35454695653119
000300.SH,沪深300,20260605,4816.9199,-1.7906230158246
000933.SH,800医卫,20260604,7068.8239,-1.3355430218596
000300.SH,沪深300,20260604,4904.7454,-0.68971485453853
000933.SH,800医卫,20260603,7164.509,-1.6076746054733
000300.SH,沪深300,20260603,4938.8091,0.49343185231001
000933.SH,800医卫,20260602,7281.573,-1.0962766445847
000300.SH,沪深300,20260602,4914.5591,1.4512756098171
000933.SH,800医卫,20260601,7362.284,-0.86704462127784
000300.SH,沪深300,20260601,4844.2556,-0.97842422672552
