证券代码,证券简称,日期,收盘价,换手率,成交额,成交量
300347.SZ,泰格医药,20260904,50.0,1.434326554264,4.0756196685E8,8125100.0
688293.SH,奥浦迈,20260904,54.62,2.4528108900952,1.59105876E8,2873853.0
300347.SZ,泰格医药,20260903,50.61,1.4402058967816,4.1064128964E8,8158405.0
688293.SH,奥浦迈,20260903,55.93,2.896520959573,1.90937354E8,3393729.0
300347.SZ,泰格医药,20260902,50.19,1.7590025426475,5.0410814432E8,9964308.0
688293.SH,奥浦迈,20260902,55.88,4.9865132028659,3.29622234E8,5842483.0
300347.SZ,泰格医药,20260901,51.4,2.1917913518309,6.4176628534E8,1.2415948E7
688293.SH,奥浦迈,20260901,53.56,2.9932275912358,1.85268049E8,3507036.0
300347.SZ,泰格医药,20260831,52.79,5.5123218467863,1.6392833608E9,3.122592E7
688293.SH,奥浦迈,20260831,53.1,4.823894788729,2.96527245E8,5651950.0
300347.SZ,泰格医药,20260830,49.85,,,
688293.SH,奥浦迈,20260830,55.1,,,
300347.SZ,泰格医药,20260829,49.85,,,
688293.SH,奥浦迈,20260829,55.1,,,
300347.SZ,泰格医药,20260828,49.85,1.9526686677274,5.565432183E8,1.1061378E7
688293.SH,奥浦迈,20260828,55.1,2.4007965198142,1.57420325E8,2812910.0
300347.SZ,泰格医药,20260827,50.78,2.1838666962325,6.220733874E8,1.2365517E7
688293.SH,奥浦迈,20260827,56.98,2.6009848035899,1.72185469E8,3047462.0
300347.SZ,泰格医药,20260826,50.85,2.3555278664963,6.8559715026E8,1.3337499E7
688293.SH,奥浦迈,20260826,57.42,2.5521974870154,1.73724068E8,2990300.0
300347.SZ,泰格医药,20260825,52.27,3.8961101416549,1.12392331099E9,2.2060603E7
688293.SH,奥浦迈,20260825,59.33,3.5753186056212,2.45702026E8,4189047.0
300347.SZ,泰格医药,20260824,49.16,5.6471605031783,1.60918361296E9,3.1975422E7
688293.SH,奥浦迈,20260824,58.18,4.3651777673018,2.99635372E8,5114491.0
300347.SZ,泰格医药,20260823,54.37,,,
688293.SH,奥浦迈,20260823,61.75,,,
300347.SZ,泰格医药,20260822,54.37,,,
688293.SH,奥浦迈,20260822,61.75,,,
300347.SZ,泰格医药,20260821,54.37,3.9632791165749,1.213739281E9,2.2440928E7
688293.SH,奥浦迈,20260821,61.75,3.8818067724907,2.8088385E8,4548146.0
300347.SZ,泰格医药,20260820,55.52,8.7201833595658,2.76971716379E9,4.937553E7
688293.SH,奥浦迈,20260820,63.9,5.5851269712062,4.18431487E8,6543853.0
300347.SZ,泰格医药,20260819,51.78,2.9664947077329,8.7992435511E8,1.6796923E7
688293.SH,奥浦迈,20260819,60.38,4.538819032171,3.28552186E8,5317939.0
300347.SZ,泰格医药,20260818,53.95,3.8099083235373,1.15834827876E9,2.157251E7
688293.SH,奥浦迈,20260818,64.55,2.8908367020525,2.19390312E8,3387069.0
300347.SZ,泰格医药,20260817,55.18,3.7504419915469,1.16314143233E9,2.1235799E7
688293.SH,奥浦迈,20260817,66.5,4.098430754025,3.16747597E8,4801955.0
300347.SZ,泰格医药,20260816,56.02,,,
688293.SH,奥浦迈,20260816,66.37,,,
300347.SZ,泰格医药,20260815,56.02,,,
688293.SH,奥浦迈,20260815,66.37,,,
300347.SZ,泰格医药,20260814,56.02,4.61436190288,1.46476022765E9,2.6127497E7
688293.SH,奥浦迈,20260814,66.37,4.631074702427,3.60333864E8,5426031.0
300347.SZ,泰格医药,20260813,55.32,5.1522654300447,1.61828910691E9,2.9173221E7
688293.SH,奥浦迈,20260813,67.53,7.663444295787,5.95481875E8,8978928.0
300347.SZ,泰格医药,20260812,53.7,3.1695351320239,9.8094740087E8,1.7946581E7
688293.SH,奥浦迈,20260812,61.84,4.8981238519144,3.61392912E8,5738921.0
300347.SZ,泰格医药,20260811,54.69,4.4073897998414,1.37390248136E9,2.4955577E7
688293.SH,奥浦迈,20260811,63.71,6.707795996743,5.11903939E8,7859236.0
300347.SZ,泰格医药,20260810,54.97,6.1702525053299,1.9437718363E9,3.493728E7
688293.SH,奥浦迈,20260810,66.85,9.7099622109536,7.63577478E8,1.1376745E7
300347.SZ,泰格医药,20260809,54.35,,,
688293.SH,奥浦迈,20260809,63.22,,,
300347.SZ,泰格医药,20260808,54.35,,,
688293.SH,奥浦迈,20260808,63.22,,,
300347.SZ,泰格医药,20260807,54.35,5.8302142168331,1.72932607398E9,3.3011911E7
688293.SH,奥浦迈,20260807,63.22,6.6531229985076,4.60077271E8,7795178.0
300347.SZ,泰格医药,20260806,49.63,2.5080703613879,7.0929879378E8,1.4201227E7
688293.SH,奥浦迈,20260806,53.76,2.5822822307601,1.64711166E8,3025549.0
300347.SZ,泰格医药,20260805,50.77,3.3971601164037,9.8211882275E8,1.9235442E7
688293.SH,奥浦迈,20260805,54.6,3.3732193529884,2.17988528E8,3952256.0
300347.SZ,泰格医药,20260804,51.35,4.5588936547763,1.32696100499E9,2.5813424E7
688293.SH,奥浦迈,20260804,54.83,4.6340717524046,2.80067375E8,5275731.0
300347.SZ,泰格医药,20260803,49.63,1.9622863456149,5.5277401941E8,1.1110882E7
688293.SH,奥浦迈,20260803,48.79,3.1865698807186,1.77177506E8,3627800.0
300347.SZ,泰格医药,20260802,49.99,,,
688293.SH,奥浦迈,20260802,49.4,,,
300347.SZ,泰格医药,20260801,49.99,,,
688293.SH,奥浦迈,20260801,49.4,,,
300347.SZ,泰格医药,20260731,49.99,2.7162797899724,7.6087596612E8,1.5380153E7
688293.SH,奥浦迈,20260731,49.4,2.7133636385692,1.56871246E8,3089071.0
300347.SZ,泰格医药,20260730,49.03,3.3061818967171,9.3168073503E8,1.8720304E7
688293.SH,奥浦迈,20260730,50.78,2.6524149338767,1.55881205E8,3019683.0
300347.SZ,泰格医药,20260729,50.78,4.0995182667434,1.16344335846E9,2.3212343E7
688293.SH,奥浦迈,20260729,53.08,2.9476456529374,1.77522407E8,3355793.0
300347.SZ,泰格医药,20260728,48.06,2.2086292786094,6.0253025613E8,1.2505728E7
688293.SH,奥浦迈,20260728,53.22,2.3398960323384,1.43413266E8,2663891.0
300347.SZ,泰格医药,20260727,48.99,3.1230109144123,8.6879131801E8,1.7683151E7
688293.SH,奥浦迈,20260727,55.14,4.2091418946242,2.62472537E8,4791963.0
300347.SZ,泰格医药,20260726,46.95,,,
688293.SH,奥浦迈,20260726,52.87,,,
300347.SZ,泰格医药,20260725,46.95,,,
688293.SH,奥浦迈,20260725,52.87,,,
300347.SZ,泰格医药,20260724,46.95,4.1369645839281,1.13877139352E9,2.3424372E7
688293.SH,奥浦迈,20260724,52.87,4.727996422272,2.90682654E8,5382661.0
300347.SZ,泰格医药,20260723,48.27,3.10836151684,8.5248544514E8,1.7600203E7
688293.SH,奥浦迈,20260723,56.52,5.9605387792414,3.9301046E8,6785868.0
300347.SZ,泰格医药,20260722,49.29,3.7042042344028,1.05050570936E9,2.0973991E7
688293.SH,奥浦迈,20260722,59.44,6.0281306362597,4.07596524E8,6862819.0
300347.SZ,泰格医药,20260721,50.18,5.0722412325772,1.38413437815E9,2.8720107E7
688293.SH,奥浦迈,20260721,56.22,4.0450851063968,2.48355109E8,4605190.0
300347.SZ,泰格医药,20260720,49.06,5.1536412173704,1.45142367081E9,2.9181011E7
688293.SH,奥浦迈,20260720,54.0,4.1768528189268,2.52027063E8,4755203.0
300347.SZ,泰格医药,20260719,49.02,,,
688293.SH,奥浦迈,20260719,51.82,,,
300347.SZ,泰格医药,20260718,49.02,,,
688293.SH,奥浦迈,20260718,51.82,,,
300347.SZ,泰格医药,20260717,49.02,5.7616058751989,1.64108617421E9,3.2623436E7
688293.SH,奥浦迈,20260717,51.82,4.9503034409881,2.95459954E8,5634443.0
300347.SZ,泰格医药,20260716,53.99,6.6353593986362,1.98920727809E9,3.7570814E7
688293.SH,奥浦迈,20260716,54.4,6.1797008287302,3.84099985E8,7033745.0
300347.SZ,泰格医药,20260715,51.9,7.0689236742085,2.07176358354E9,4.0025747E7
688293.SH,奥浦迈,20260715,53.95,6.7232908505817,4.19143292E8,7652460.0
300347.SZ,泰格医药,20260714,48.7,4.8642751717634,1.29604854504E9,2.7542559E7
688293.SH,奥浦迈,20260714,51.0,5.0799219617995,2.88974933E8,5781975.0
300347.SZ,泰格医药,20260713,45.91,3.8541648762887,1.00546038083E9,2.18231E7
688293.SH,奥浦迈,20260713,46.4,2.6312361165844,1.42832027E8,2994877.0
300347.SZ,泰格医药,20260712,47.27,,,
688293.SH,奥浦迈,20260712,48.39,,,
300347.SZ,泰格医药,20260711,47.27,,,
688293.SH,奥浦迈,20260711,48.39,,,
300347.SZ,泰格医药,20260710,47.27,6.0175756106753,1.57422080621E9,3.4072791E7
688293.SH,奥浦迈,20260710,48.39,3.7857732998674,2.04023107E8,4308973.0
300347.SZ,泰格医药,20260709,43.45,3.6824341219163,9.0524869858E8,2.0850724E7
688293.SH,奥浦迈,20260709,43.1,2.0733357995632,1.00145483E8,2359874.0
300347.SZ,泰格医药,20260708,43.001239384898,4.0402741093942,1.02218382516E9,2.287689E7
688293.SH,奥浦迈,20260708,40.810623556582,1.5596526077447,7.4199124E7,1775199.0
300347.SZ,泰格医药,20260707,46.172481064953,3.1904085985217,8.5556296824E8,1.8064771E7
688293.SH,奥浦迈,20260707,42.194203233256,2.5490520773676,1.24031923E8,2901335.0
300347.SZ,泰格医药,20260706,48.765320174432,5.0367372657143,1.39140316966E9,2.8519076E7
688293.SH,奥浦迈,20260706,44.244688221709,3.0108463919316,1.56183353E8,3426950.0
300347.SZ,泰格医药,20260705,46.800745926096,,,
688293.SH,奥浦迈,20260705,44.105334872979,,,
300347.SZ,泰格医药,20260704,46.800745926096,,,
688293.SH,奥浦迈,20260704,44.105334872979,,,
300347.SZ,泰格医药,20260703,46.800745926096,3.4275432933427,8.9343399975E8,1.9407478E7
688293.SH,奥浦迈,20260703,44.105334872979,1.6171582407102,8.0709094E7,1840652.0
300347.SZ,泰格医药,20260702,45.334794583429,4.0828753021195,1.07816532484E9,2.3118107E7
688293.SH,奥浦迈,20260702,42.910877598152,2.1339243663297,1.06919523E8,2428836.0
300347.SZ,泰格医药,20260701,47.349231122332,5.8352368119235,1.55438388572E9,3.304035E7
688293.SH,奥浦迈,20260701,44.483579676674,2.8631054215583,1.40466105E8,3258791.0
300347.SZ,泰格医药,20260630,47.867798944228,4.9167414130684,1.33146886608E9,2.7839634E7
688293.SH,奥浦迈,20260630,41.497436489607,1.8053586537934,8.6370546E7,2054862.0
300347.SZ,泰格医药,20260629,49.02460408538,7.0715462548662,1.89562977407E9,4.0058535E7
688293.SH,奥浦迈,20260629,41.407852193995,2.8131379966328,1.30100528E8,3201918.0
300347.SZ,泰格医药,20260628,44.92592380078,,,
688293.SH,奥浦迈,20260628,37.476096997691,,,
300347.SZ,泰格医药,20260627,44.92592380078,,,
688293.SH,奥浦迈,20260627,37.476096997691,,,
300347.SZ,泰格医药,20260626,44.92592380078,4.8989469270506,1.24184599263E9,2.7751305E7
688293.SH,奥浦迈,20260626,37.476096997691,2.3063920648008,1.00632277E8,2625139.0
300347.SZ,泰格医药,20260625,43.739201285288,5.2830255467662,1.29463621289E9,2.9927014E7
688293.SH,奥浦迈,20260625,39.54648960739,2.3670482821522,1.0550516E8,2694178.0
300347.SZ,泰格医药,20260624,43.260523295846,6.79519067699,1.66973060723E9,3.849305E7
688293.SH,奥浦迈,20260624,39.904826789838,2.7005858733946,1.24662523E8,3073811.0
300347.SZ,泰格医药,20260623,40.966857929768,4.7942499680648,1.14307946732E9,2.7158223E7
688293.SH,奥浦迈,20260623,40.044180138568,2.0926557523371,9.4865324E7,2381864.0
300347.SZ,泰格医药,20260622,41.086527427129,3.7548026884707,8.483658362E8,2.1270015E7
688293.SH,奥浦迈,20260622,38.103187066975,2.0519722719757,8.7325518E7,2335558.0
300347.SZ,泰格医药,20260621,40.009501950884,,,
688293.SH,奥浦迈,20260621,37.914064665127,,,
300347.SZ,泰格医药,20260620,40.009501950884,,,
688293.SH,奥浦迈,20260620,37.914064665127,,,
300347.SZ,泰格医药,20260619,40.009501950884,,,
688293.SH,奥浦迈,20260619,37.914064665127,,,
300347.SZ,泰格医药,20260618,40.009501950884,3.4167697094777,7.7706773241E8,1.9355143E7
688293.SH,奥浦迈,20260618,37.914064665127,1.6569244845689,7.179777E7,1885914.0
300347.SZ,泰格医药,20260617,40.079309157677,3.2155583251908,7.2623398028E8,1.8215331E7
688293.SH,奥浦迈,20260617,37.336743648961,1.3106887906688,5.5630347E7,1491828.0
300347.SZ,泰格医药,20260616,39.251595134267,3.3907065955716,7.5232227184E8,1.9207502E7
688293.SH,奥浦迈,20260616,36.630023094688,1.3487769485886,5.5629698E7,1535180.0
300347.SZ,泰格医药,20260615,39.29148496672,4.5163559283948,1.00238997715E9,2.5584023E7
688293.SH,奥浦迈,20260615,35.764041570439,1.07361214781,4.3635154E7,1221987.0
300347.SZ,泰格医药,20260614,39.710328207482,,,
688293.SH,奥浦迈,20260614,35.614734411085,,,
300347.SZ,泰格医药,20260613,39.710328207482,,,
688293.SH,奥浦迈,20260613,35.614734411085,,,
300347.SZ,泰格医药,20260612,39.710328207482,5.150121336531,1.15269792991E9,2.9174145E7
688293.SH,奥浦迈,20260612,35.614734411085,1.3803838290361,5.5822032E7,1571155.0
300347.SZ,泰格医药,20260611,39.590658710122,4.6438083525628,1.04329784872E9,2.6306009E7
688293.SH,奥浦迈,20260611,34.350600461894,1.026778614269,4.0388088E7,1168681.0
300347.SZ,泰格医药,20260610,38.653247647464,3.5023667932786,7.6853105093E8,1.9840029E7
688293.SH,奥浦迈,20260610,35.117043879908,1.1715227515858,4.6679657E7,1333429.0
300347.SZ,泰格医药,20260609,36.908067477622,2.9130280662424,6.091125728E8,1.6501573E7
688293.SH,奥浦迈,20260609,35.65454965358,1.5127136447206,6.1560848E7,1721773.0
300347.SZ,泰格医药,20260608,36.070380996098,3.8148538922217,8.0220272752E8,2.161019E7
688293.SH,奥浦迈,20260608,35.037413394919,2.5339396395475,1.03089231E8,2884134.0
300347.SZ,泰格医药,20260607,38.812806977278,,,
688293.SH,奥浦迈,20260607,37.277020785219,,,
300347.SZ,泰格医药,20260606,38.812806977278,,,
688293.SH,奥浦迈,20260606,37.277020785219,,,
300347.SZ,泰格医药,20260605,38.812806977278,3.2761633045754,7.3229271517E8,1.8558643E7
688293.SH,奥浦迈,20260605,37.277020785219,1.6237915123538,6.9896562E7,1848202.0
300347.SZ,泰格医药,20260604,39.470989212761,2.2363401919166,4.9934103477E8,1.2668306E7
688293.SH,奥浦迈,20260604,38.262448036951,1.8833747141126,8.3304692E7,2143660.0
300347.SZ,泰格医药,20260603,39.26156759238,2.54125890618,5.6571679931E8,1.4395594E7
688293.SH,奥浦迈,20260603,40.034226327945,1.5357324151925,7.1253232E7,1747973.0
300347.SZ,泰格医药,20260602,39.082063346339,2.2767559274726,5.0813466951E8,1.2897251E7
688293.SH,奥浦迈,20260602,41.019653579677,2.4617907299616,1.1679907E8,2802014.0
300347.SZ,泰格医药,20260601,39.331374799174,2.6018492335475,5.781155344E8,1.4738823E7
688293.SH,奥浦迈,20260601,44.75233256351,2.0034105734912,1.04200605E8,2280285.0
