证券代码,证券简称,日期,收盘价,成交量,成交金额
000300.SH,沪深300,20260904,4548.0499,1.96997428E10,5.17509323617E11
399933.SZ,800医卫,20260904,7873.5287,8.966672E8,3.13440347001E10
000300.SH,沪深300,20260903,4552.5784,1.8224406E10,4.39940676545E11
399933.SZ,800医卫,20260903,7888.4748,8.015413E8,2.92182999839E10
000300.SH,沪深300,20260902,4547.9559,1.86991888E10,4.74680402432E11
399933.SZ,800医卫,20260902,7840.1879,9.36686E8,3.38633486343E10
000300.SH,沪深300,20260901,4611.4394,2.14869581E10,5.35708359907E11
399933.SZ,800医卫,20260901,7896.3869,1.052185E9,3.43195376028E10
000300.SH,沪深300,20260831,4625.0862,2.3744764E10,5.83433867751E11
399933.SZ,800医卫,20260831,7869.3512,1.1990347E9,4.28560673829E10
000300.SH,沪深300,20260830,4609.1764,,
399933.SZ,800医卫,20260830,7969.3256,,
000300.SH,沪深300,20260829,4609.1764,,
399933.SZ,800医卫,20260829,7969.3256,,
000300.SH,沪深300,20260828,4609.1764,1.80989495E10,5.4981348013E11
399933.SZ,800医卫,20260828,7969.3256,1.1317727E9,3.53275071974E10
000300.SH,沪深300,20260827,4630.277,2.0201725E10,5.87120379413E11
399933.SZ,800医卫,20260827,8056.5579,1.3800923E9,4.54261274471E10
000300.SH,沪深300,20260826,4590.7935,1.84578169E10,4.8905727841E11
399933.SZ,800医卫,20260826,8004.8852,1.3444535E9,4.47331751146E10
000300.SH,沪深300,20260825,4552.0326,1.71510168E10,4.80421573872E11
399933.SZ,800医卫,20260825,7994.7398,1.3062961E9,4.95222867698E10
000300.SH,沪深300,20260824,4563.1266,2.06616872E10,5.90425593776E11
399933.SZ,800医卫,20260824,7863.5913,1.6533798E9,5.96974686272E10
000300.SH,沪深300,20260823,4618.8952,,
399933.SZ,800医卫,20260823,8109.6753,,
000300.SH,沪深300,20260822,4618.8952,,
399933.SZ,800医卫,20260822,8109.6753,,
000300.SH,沪深300,20260821,4618.8952,1.71075891E10,5.05501102128E11
399933.SZ,800医卫,20260821,8109.6753,2.2374154E9,7.43747150735E10
000300.SH,沪深300,20260820,4592.7504,2.00874189E10,5.54021067145E11
399933.SZ,800医卫,20260820,8394.758,2.1585951E9,8.99011775229E10
000300.SH,沪深300,20260819,4588.6955,2.4407009E10,7.05253505411E11
399933.SZ,800医卫,20260819,8168.1322,1.2040216E9,4.97335602109E10
000300.SH,沪深300,20260818,4725.8134,2.04245514E10,6.19828730177E11
399933.SZ,800医卫,20260818,8287.066,1.2207241E9,4.81284446833E10
000300.SH,沪深300,20260817,4741.0981,1.90569286E10,6.57601745988E11
399933.SZ,800医卫,20260817,8323.3505,1.2683277E9,5.25036227839E10
000300.SH,沪深300,20260816,4665.8812,,
399933.SZ,800医卫,20260816,8263.0732,,
000300.SH,沪深300,20260815,4665.8812,,
399933.SZ,800医卫,20260815,8263.0732,,
000300.SH,沪深300,20260814,4665.8812,1.78430696E10,5.49769606284E11
399933.SZ,800医卫,20260814,8263.0732,1.4007274E9,5.4805676243E10
000300.SH,沪深300,20260813,4663.9513,2.15499615E10,6.90715960897E11
399933.SZ,800医卫,20260813,8373.1471,1.8659138E9,7.22010835515E10
000300.SH,沪深300,20260812,4690.9165,1.84939148E10,5.75326282008E11
399933.SZ,800医卫,20260812,8336.7226,1.4514118E9,5.67496510542E10
000300.SH,沪深300,20260811,4663.7887,2.09699098E10,6.45384756136E11
399933.SZ,800医卫,20260811,8381.4329,1.8484778E9,7.67465989297E10
000300.SH,沪深300,20260810,4702.0247,2.13075996E10,7.33103396912E11
399933.SZ,800医卫,20260810,8372.1063,2.0186519E9,8.75293222334E10
000300.SH,沪深300,20260809,4694.4365,,
399933.SZ,800医卫,20260809,8256.8892,,
000300.SH,沪深300,20260808,4694.4365,,
399933.SZ,800医卫,20260808,8256.8892,,
000300.SH,沪深300,20260807,4694.4365,2.3907202E10,7.8840576243E11
399933.SZ,800医卫,20260807,8256.8892,1.8027631E9,7.48383759484E10
000300.SH,沪深300,20260806,4651.3098,2.4751073E10,7.47784204223E11
399933.SZ,800医卫,20260806,7902.8058,1.3380719E9,5.50109221404E10
000300.SH,沪深300,20260805,4658.1549,2.76921919E10,8.79161152445E11
399933.SZ,800医卫,20260805,8030.0772,1.4732664E9,6.27206695027E10
000300.SH,沪深300,20260804,4600.9304,2.42073611E10,6.988181144E11
399933.SZ,800医卫,20260804,7971.8665,1.2661619E9,4.935775818E10
000300.SH,沪深300,20260803,4543.1781,2.32042584E10,6.15750950336E11
399933.SZ,800医卫,20260803,7841.6427,1.0852678E9,4.20902411227E10
000300.SH,沪深300,20260802,4588.1968,,
399933.SZ,800医卫,20260802,7933.8775,,
000300.SH,沪深300,20260801,4588.1968,,
399933.SZ,800医卫,20260801,7933.8775,,
000300.SH,沪深300,20260731,4588.1968,2.79243698E10,8.32909109293E11
399933.SZ,800医卫,20260731,7933.8775,1.3697326E9,4.71715909317E10
000300.SH,沪深300,20260730,4549.7201,2.7465113E10,8.0369696976E11
399933.SZ,800医卫,20260730,7885.63,1.3295529E9,5.02443029202E10
000300.SH,沪深300,20260729,4600.2624,2.48082357E10,7.51545094171E11
399933.SZ,800医卫,20260729,7895.3523,1.2944449E9,4.74752834148E10
000300.SH,沪深300,20260728,4569.5235,2.15705045E10,6.52026893962E11
399933.SZ,800医卫,20260728,7771.1171,1.032294E9,3.66627648094E10
000300.SH,沪深300,20260727,4702.4272,2.04786941E10,6.04552358161E11
399933.SZ,800医卫,20260727,7868.071,1.154348E9,4.36572126755E10
000300.SH,沪深300,20260726,4649.1917,,
399933.SZ,800医卫,20260726,7756.0961,,
000300.SH,沪深300,20260725,4649.1917,,
399933.SZ,800医卫,20260725,7756.0961,,
000300.SH,沪深300,20260724,4649.1917,2.21261212E10,6.26378644368E11
399933.SZ,800医卫,20260724,7756.0961,1.2659361E9,4.79756321794E10
000300.SH,沪深300,20260723,4728.0018,2.47331675E10,7.4181858056E11
399933.SZ,800医卫,20260723,8023.1486,1.2818606E9,5.05234264493E10
000300.SH,沪深300,20260722,4717.2442,2.85556357E10,9.21519272205E11
399933.SZ,800医卫,20260722,8063.4486,1.6752805E9,6.70043245087E10
000300.SH,沪深300,20260721,4739.2287,3.4540359E10,1.016727269579E12
399933.SZ,800医卫,20260721,8031.7504,1.8524997E9,7.02737801934E10
000300.SH,沪深300,20260720,4598.3208,3.33116058E10,9.33403207741E11
399933.SZ,800医卫,20260720,7992.964,1.9752515E9,7.56545806143E10
000300.SH,沪深300,20260719,4529.0953,,
399933.SZ,800医卫,20260719,7747.1984,,
000300.SH,沪深300,20260718,4529.0953,,
399933.SZ,800医卫,20260718,7747.1984,,
000300.SH,沪深300,20260717,4529.0953,3.02629886E10,9.20822412822E11
399933.SZ,800医卫,20260717,7747.1984,2.1077398E9,7.90181360856E10
000300.SH,沪深300,20260716,4698.4344,2.51560977E10,7.98830386821E11
399933.SZ,800医卫,20260716,8120.5564,2.3955709E9,8.72995299461E10
000300.SH,沪深300,20260715,4786.7828,2.78692669E10,8.58314510332E11
399933.SZ,800医卫,20260715,8095.9616,2.4092051E9,9.50956847633E10
000300.SH,沪深300,20260714,4796.502,2.83250986E10,9.24097145133E11
399933.SZ,800医卫,20260714,7847.3485,1.7372407E9,6.24224857519E10
000300.SH,沪深300,20260713,4695.383,2.78634853E10,9.07944677889E11
399933.SZ,800医卫,20260713,7655.6151,1.550642E9,5.37576591294E10
000300.SH,沪深300,20260712,4780.7867,,
399933.SZ,800医卫,20260712,7693.836,,
000300.SH,沪深300,20260711,4780.7867,,
399933.SZ,800医卫,20260711,7693.836,,
000300.SH,沪深300,20260710,4780.7867,3.04130286E10,1.083913073039E12
399933.SZ,800医卫,20260710,7693.836,1.7157006E9,6.16650877566E10
000300.SH,沪深300,20260709,4876.3125,2.81627705E10,9.47119396814E11
399933.SZ,800医卫,20260709,7554.6251,1.1976418E9,4.77577361615E10
000300.SH,沪深300,20260708,4755.5338,2.43928749E10,7.83248978281E11
399933.SZ,800医卫,20260708,7449.5881,1.1913803E9,4.55495335967E10
000300.SH,沪深300,20260707,4792.2624,2.46305999E10,7.62617505589E11
399933.SZ,800医卫,20260707,7530.2473,1.5353192E9,5.86220442133E10
000300.SH,沪深300,20260706,4841.998,2.94050543E10,9.07946016953E11
399933.SZ,800医卫,20260706,7814.5116,1.9514699E9,8.03783623153E10
000300.SH,沪深300,20260705,4842.1737,,
399933.SZ,800医卫,20260705,7748.9105,,
000300.SH,沪深300,20260704,4842.1737,,
399933.SZ,800医卫,20260704,7748.9105,,
000300.SH,沪深300,20260703,4842.1737,3.01067568E10,9.4256989435E11
399933.SZ,800医卫,20260703,7748.9105,1.5217563E9,6.03311186695E10
000300.SH,沪深300,20260702,4812.2957,3.43243758E10,1.027796834233E12
399933.SZ,800医卫,20260702,7593.7783,1.6465929E9,6.7441571989E10
000300.SH,沪深300,20260701,4958.9773,3.42934747E10,1.101717525969E12
399933.SZ,800医卫,20260701,7612.7269,1.8132973E9,7.24454348991E10
000300.SH,沪深300,20260630,4979.4328,3.06150226E10,9.85795205704E11
399933.SZ,800医卫,20260630,7350.4353,1.3965353E9,5.53147929791E10
000300.SH,沪深300,20260629,4926.921,3.23216134E10,1.053723822553E12
399933.SZ,800医卫,20260629,7464.347,1.9457999E9,7.19299847093E10
000300.SH,沪深300,20260628,4868.2205,,
399933.SZ,800医卫,20260628,7015.4708,,
000300.SH,沪深300,20260627,4868.2205,,
399933.SZ,800医卫,20260627,7015.4708,,
000300.SH,沪深300,20260626,4868.2205,3.41179238E10,1.068082662087E12
399933.SZ,800医卫,20260626,7015.4708,1.1826979E9,4.21588478037E10
000300.SH,沪深300,20260625,5020.1038,3.46664289E10,1.110040892256E12
399933.SZ,800医卫,20260625,7218.0716,1.3524854E9,5.00900660033E10
000300.SH,沪深300,20260624,4943.0197,3.12249025E10,9.64945849979E11
399933.SZ,800医卫,20260624,7184.6111,1.4390448E9,5.38230863197E10
000300.SH,沪深300,20260623,4919.386,3.42719336E10,1.047052858821E12
399933.SZ,800医卫,20260623,7103.5533,1.4255077E9,4.5456239077E10
000300.SH,沪深300,20260622,5059.6582,3.75100124E10,1.145900296758E12
399933.SZ,800医卫,20260622,7081.7224,1.4332254E9,4.52548394466E10
000300.SH,沪深300,20260621,4941.5986,,
399933.SZ,800医卫,20260621,7012.156,,
000300.SH,沪深300,20260620,4941.5986,,
399933.SZ,800医卫,20260620,7012.156,,
000300.SH,沪深300,20260619,4941.5986,,
399933.SZ,800医卫,20260619,7012.156,,
000300.SH,沪深300,20260618,4941.5986,3.34459902E10,1.021710711056E12
399933.SZ,800医卫,20260618,7012.156,1.3683768E9,4.31976925804E10
000300.SH,沪深300,20260617,4931.3861,2.7605395E10,8.50367581581E11
399933.SZ,800医卫,20260617,6942.3423,9.142583E8,2.71404369474E10
000300.SH,沪深300,20260616,4884.2322,2.82584743E10,8.57202587478E11
399933.SZ,800医卫,20260616,6980.7838,9.901618E8,3.01459759629E10
000300.SH,沪深300,20260615,4891.7126,3.31316076E10,9.14145755805E11
399933.SZ,800医卫,20260615,7107.3819,1.0891197E9,3.24499128316E10
000300.SH,沪深300,20260614,4777.3206,,
399933.SZ,800医卫,20260614,7139.3874,,
000300.SH,沪深300,20260613,4777.3206,,
399933.SZ,800医卫,20260613,7139.3874,,
000300.SH,沪深300,20260612,4777.3206,3.35922063E10,8.71477325201E11
399933.SZ,800医卫,20260612,7139.3874,1.5639622E9,4.59443940624E10
000300.SH,沪深300,20260611,4722.4122,2.47177059E10,6.53931756259E11
399933.SZ,800医卫,20260611,6996.2688,1.0319067E9,2.97988534968E10
000300.SH,沪深300,20260610,4748.5932,2.59297109E10,6.94628416057E11
399933.SZ,800医卫,20260610,7013.7594,1.0343693E9,3.17830583449E10
000300.SH,沪深300,20260609,4801.8106,2.58391601E10,7.13286998821E11
399933.SZ,800医卫,20260609,6943.6048,9.530263E8,3.25058171143E10
000300.SH,沪深300,20260608,4713.6358,2.99647565E10,7.61046395166E11
399933.SZ,800医卫,20260608,6957.1341,1.0824962E9,3.31762347941E10
000300.SH,沪深300,20260607,4816.9199,,
399933.SZ,800医卫,20260607,7093.8862,,
000300.SH,沪深300,20260606,4816.9199,,
399933.SZ,800医卫,20260606,7093.8862,,
000300.SH,沪深300,20260605,4816.9199,3.01929336E10,8.39863796396E11
399933.SZ,800医卫,20260605,7093.8862,1.0298904E9,3.44529659E10
000300.SH,沪深300,20260604,4904.7454,2.6480891E10,7.36143410003E11
399933.SZ,800医卫,20260604,7068.8239,1.0339799E9,2.97687152094E10
000300.SH,沪深300,20260603,4938.8091,3.04035947E10,9.06047729419E11
399933.SZ,800医卫,20260603,7164.509,1.0732819E9,3.36141545333E10
000300.SH,沪深300,20260602,4914.5591,2.81731662E10,8.06751344395E11
399933.SZ,800医卫,20260602,7281.573,9.9622E8,3.48253492377E10
000300.SH,沪深300,20260601,4844.2556,2.96134051E10,8.23984849E11
399933.SZ,800医卫,20260601,7362.284,1.222624E9,4.43611547756E10
000300.SH,沪深300,20260531,4892.1213,,
399933.SZ,800医卫,20260531,7426.6766,,
000300.SH,沪深300,20260530,4892.1213,,
399933.SZ,800医卫,20260530,7426.6766,,
000300.SH,沪深300,20260529,4892.1213,3.3251861E10,9.42236490058E11
399933.SZ,800医卫,20260529,7426.6766,1.4604154E9,4.93220128845E10
000300.SH,沪深300,20260528,4914.2133,2.67432731E10,8.19897918903E11
399933.SZ,800医卫,20260528,7323.3172,1.1984617E9,3.68633336886E10
000300.SH,沪深300,20260527,4908.1714,3.01709175E10,9.0901190695E11
399933.SZ,800医卫,20260527,7465.7704,1.2003237E9,4.08919300647E10
000300.SH,沪深300,20260526,4947.8493,3.02799476E10,8.99094487857E11
399933.SZ,800医卫,20260526,7484.5669,1.163977E9,3.76092387334E10
000300.SH,沪深300,20260525,4921.5974,2.64743236E10,8.611794219E11
399933.SZ,800医卫,20260525,7486.8247,1.1373096E9,3.76548645671E10
000300.SH,沪深300,20260524,4845.0956,,
399933.SZ,800医卫,20260524,7528.8386,,
000300.SH,沪深300,20260523,4845.0956,,
399933.SZ,800医卫,20260523,7528.8386,,
000300.SH,沪深300,20260522,4845.0956,2.86940435E10,7.71823300851E11
399933.SZ,800医卫,20260522,7528.8386,1.1777494E9,4.07155281115E10
000300.SH,沪深300,20260521,4783.0976,2.87342507E10,8.9193634797E11
399933.SZ,800医卫,20260521,7617.9071,1.508166E9,5.37385149969E10
000300.SH,沪深300,20260520,4850.7,2.20023206E10,7.29653332839E11
399933.SZ,800医卫,20260520,7577.3516,1.2581607E9,3.56448578566E10
000300.SH,沪深300,20260519,4852.8832,2.32280852E10,7.12401049985E11
399933.SZ,800医卫,20260519,7629.9419,1.3057524E9,3.4429030997E10
000300.SH,沪深300,20260518,4833.5237,2.39077587E10,7.33452822624E11
399933.SZ,800医卫,20260518,7608.2927,1.2448178E9,3.78543837039E10
000300.SH,沪深300,20260517,4859.5927,,
399933.SZ,800医卫,20260517,7763.0763,,
000300.SH,沪深300,20260516,4859.5927,,
399933.SZ,800医卫,20260516,7763.0763,,
000300.SH,沪深300,20260515,4859.5927,2.76967769E10,8.87687426985E11
399933.SZ,800医卫,20260515,7763.0763,1.3653005E9,4.01925354049E10
000300.SH,沪深300,20260514,4914.5971,2.80695379E10,8.57446326248E11
399933.SZ,800医卫,20260514,7823.3499,1.5079916E9,4.74741123874E10
000300.SH,沪深300,20260513,4998.3417,2.68454537E10,8.23173197929E11
399933.SZ,800医卫,20260513,8005.3281,1.4582821E9,4.81448650396E10
000300.SH,沪深300,20260512,4948.0465,2.73812001E10,8.19351442664E11
399933.SZ,800医卫,20260512,8073.9195,1.8379227E9,6.1981368586E10
000300.SH,沪深300,20260511,4951.8366,3.05734801E10,9.04479321902E11
399933.SZ,800医卫,20260511,8088.0006,2.1461275E9,6.01508184269E10
000300.SH,沪深300,20260510,4871.9122,,
399933.SZ,800医卫,20260510,7958.9012,,
000300.SH,沪深300,20260509,4871.9122,,
399933.SZ,800医卫,20260509,7958.9012,,
000300.SH,沪深300,20260508,4871.9122,2.51720996E10,7.16546104146E11
399933.SZ,800医卫,20260508,7958.9012,1.4097922E9,4.10107152253E10
000300.SH,沪深300,20260507,4900.5098,2.57833972E10,7.87236200023E11
399933.SZ,800医卫,20260507,8036.5551,1.5987493E9,4.42369935095E10
000300.SH,沪深300,20260506,4877.0932,2.7444388E10,8.81744311635E11
399933.SZ,800医卫,20260506,8008.6803,1.3551676E9,4.72868309822E10
000300.SH,沪深300,20260505,4807.3069,,
399933.SZ,800医卫,20260505,8015.9304,,
000300.SH,沪深300,20260504,4807.3069,,
399933.SZ,800医卫,20260504,8015.9304,,
000300.SH,沪深300,20260503,4807.3069,,
399933.SZ,800医卫,20260503,8015.9304,,
000300.SH,沪深300,20260502,4807.3069,,
399933.SZ,800医卫,20260502,8015.9304,,
000300.SH,沪深300,20260501,4807.3069,,
399933.SZ,800医卫,20260501,8015.9304,,
000300.SH,沪深300,20260430,4807.3069,2.5063337E10,7.26665374516E11
399933.SZ,800医卫,20260430,8015.9304,1.4813703E9,4.33262901574E10
000300.SH,沪深300,20260429,4810.3468,2.3329811E10,6.81020507301E11
399933.SZ,800医卫,20260429,8062.8484,1.2084584E9,4.8098965343E10
000300.SH,沪深300,20260428,4758.2083,2.16724233E10,6.31521664931E11
399933.SZ,800医卫,20260428,8044.2285,1.4444551E9,4.67040686705E10
000300.SH,沪深300,20260427,4770.9469,1.9279655E10,6.48904814981E11
399933.SZ,800医卫,20260427,7925.6315,1.0912303E9,3.53926916578E10
000300.SH,沪深300,20260426,4769.3688,,
399933.SZ,800医卫,20260426,7962.7664,,
000300.SH,沪深300,20260425,4769.3688,,
399933.SZ,800医卫,20260425,7962.7664,,
000300.SH,沪深300,20260424,4769.3688,1.93798314E10,6.80097832547E11
399933.SZ,800医卫,20260424,7962.7664,1.297833E9,3.9516922717E10
000300.SH,沪深300,20260423,4786.3273,2.32865736E10,6.93853775976E11
399933.SZ,800医卫,20260423,7974.4285,1.3052779E9,4.46067237559E10
000300.SH,沪深300,20260422,4799.627,2.0448183E10,6.19505670177E11
399933.SZ,800医卫,20260422,7985.8918,9.169573E8,3.14972897299E10
000300.SH,沪深300,20260421,4767.997,2.05614058E10,5.8040799562E11
399933.SZ,800医卫,20260421,7953.5547,8.771806E8,3.01993669368E10
000300.SH,沪深300,20260420,4757.4419,2.21633494E10,6.26568410331E11
399933.SZ,800医卫,20260420,7995.1021,1.0640659E9,3.65315337699E10
000300.SH,沪深300,20260419,4728.6716,,
399933.SZ,800医卫,20260419,8014.1153,,
000300.SH,沪深300,20260418,4728.6716,,
399933.SZ,800医卫,20260418,8014.1153,,
000300.SH,沪深300,20260417,4728.6716,1.82915336E10,5.87622682308E11
399933.SZ,800医卫,20260417,8014.1153,1.0920624E9,4.15966730392E10
000300.SH,沪深300,20260416,4736.6077,1.920576E10,5.67611323592E11
399933.SZ,800医卫,20260416,8186.4956,1.0732134E9,3.74203511588E10
000300.SH,沪深300,20260415,4685.2464,2.016885E10,6.04550556798E11
399933.SZ,800医卫,20260415,8207.9242,1.43435E9,4.9080643484E10
000300.SH,沪深300,20260414,4701.2837,2.04700332E10,6.05717793585E11
399933.SZ,800医卫,20260414,8113.7111,1.0306214E9,3.71596920203E10
000300.SH,沪深300,20260413,4646.1546,1.96712277E10,5.5662094524E11
399933.SZ,800医卫,20260413,8059.4869,1.0251756E9,3.5127555751E10
000300.SH,沪深300,20260412,4636.5655,,
399933.SZ,800医卫,20260412,8140.2375,,
000300.SH,沪深300,20260411,4636.5655,,
399933.SZ,800医卫,20260411,8140.2375,,
000300.SH,沪深300,20260410,4636.5655,2.08678605E10,6.25717995648E11
399933.SZ,800医卫,20260410,8140.2375,1.1141105E9,3.70300382938E10
000300.SH,沪深300,20260409,4566.2237,1.84939783E10,5.00445676661E11
399933.SZ,800医卫,20260409,8099.6145,1.1156836E9,3.92373439819E10
000300.SH,沪深300,20260408,4595.556,2.53339213E10,6.4177918097E11
399933.SZ,800医卫,20260408,8197.9357,1.3210386E9,4.63221091389E10
000300.SH,沪深300,20260407,4440.6162,1.62638787E10,3.78261695015E11
399933.SZ,800医卫,20260407,8060.353,8.960542E8,3.35868497019E10
000300.SH,沪深300,20260406,4440.7889,,
399933.SZ,800医卫,20260406,8063.2006,,
000300.SH,沪深300,20260405,4440.7889,,
399933.SZ,800医卫,20260405,8063.2006,,
000300.SH,沪深300,20260404,4440.7889,,
399933.SZ,800医卫,20260404,8063.2006,,
000300.SH,沪深300,20260403,4440.7889,1.68321705E10,3.73234910158E11
399933.SZ,800医卫,20260403,8063.2006,1.0256771E9,3.88390345906E10
000300.SH,沪深300,20260402,4478.9141,1.90992161E10,4.299491317E11
399933.SZ,800医卫,20260402,8215.9696,1.2912344E9,5.05336573426E10
000300.SH,沪深300,20260401,4526.0668,2.16483196E10,5.03744056996E11
399933.SZ,800医卫,20260401,8225.6716,1.4165539E9,5.32618204315E10
000300.SH,沪深300,20260331,4450.0493,2.24541585E10,4.84558113011E11
399933.SZ,800医卫,20260331,7955.1091,1.0889561E9,4.22962398943E10
000300.SH,沪深300,20260330,4491.95,2.09293092E10,4.44629519711E11
399933.SZ,800医卫,20260330,7989.0731,1.1109128E9,3.93543816661E10
000300.SH,沪深300,20260329,4502.5698,,
399933.SZ,800医卫,20260329,7926.4191,,
000300.SH,沪深300,20260328,4502.5698,,
399933.SZ,800医卫,20260328,7926.4191,,
000300.SH,沪深300,20260327,4502.5698,1.92400388E10,4.40517561617E11
399933.SZ,800医卫,20260327,7926.4191,1.1236727E9,4.05518722182E10
000300.SH,沪深300,20260326,4477.5343,2.13736788E10,4.71127498414E11
399933.SZ,800医卫,20260326,7665.8304,8.806967E8,2.8547342887E10
000300.SH,沪深300,20260325,4537.4656,2.62639279E10,5.50428161188E11
399933.SZ,800医卫,20260325,7780.2327,9.504473E8,2.96524954821E10
000300.SH,沪深300,20260324,4474.7224,2.55532517E10,5.30149390314E11
399933.SZ,800医卫,20260324,7726.9384,9.795946E8,3.34995267808E10
000300.SH,沪深300,20260323,4417.9971,3.28081945E10,6.71719761061E11
399933.SZ,800医卫,20260323,7547.9283,1.3987714E9,4.18133633128E10
000300.SH,沪深300,20260322,4567.0179,,
399933.SZ,800医卫,20260322,7857.3467,,
000300.SH,沪深300,20260321,4567.0179,,
399933.SZ,800医卫,20260321,7857.3467,,
000300.SH,沪深300,20260320,4567.0179,2.57873703E10,6.15463088558E11
399933.SZ,800医卫,20260320,7857.3467,1.028455E9,3.41951591881E10
000300.SH,沪深300,20260319,4583.2511,2.54130449E10,5.47850295789E11
399933.SZ,800医卫,20260319,7945.2758,9.474349E8,3.15917291557E10
000300.SH,沪深300,20260318,4658.3324,2.34690705E10,5.24173911454E11
399933.SZ,800医卫,20260318,8068.0857,7.966944E8,2.77622582286E10
000300.SH,沪深300,20260317,4637.4392,2.63021913E10,5.78501505808E11
399933.SZ,800医卫,20260317,8051.306,1.0060432E9,3.56211389805E10
000300.SH,沪深300,20260316,4671.5591,2.9621507E10,5.98799098356E11
399933.SZ,800医卫,20260316,8019.2604,9.548122E8,3.04914409417E10
000300.SH,沪深300,20260315,4669.14,,
399933.SZ,800医卫,20260315,7983.6112,,
000300.SH,沪深300,20260314,4669.14,,
399933.SZ,800医卫,20260314,7983.6112,,
000300.SH,沪深300,20260313,4669.14,3.10772009E10,5.80305608198E11
399933.SZ,800医卫,20260313,7983.6112,8.730654E8,2.75490679909E10
000300.SH,沪深300,20260312,4687.5601,3.02986816E10,5.72105482464E11
399933.SZ,800医卫,20260312,8013.8407,9.463598E8,2.97975413612E10
000300.SH,沪深300,20260311,4704.4959,2.70175443E10,5.7956439758E11
399933.SZ,800医卫,20260311,8064.441,8.527384E8,2.81063461847E10
000300.SH,沪深300,20260310,4674.7562,2.63903748E10,5.57607876149E11
399933.SZ,800医卫,20260310,8085.3181,8.809398E8,2.9573154255E10
000300.SH,沪深300,20260309,4615.4551,3.22787617E10,6.65821508005E11
399933.SZ,800医卫,20260309,7921.5168,1.0190784E9,3.18173828536E10
000300.SH,沪深300,20260308,4660.439,,
399933.SZ,800医卫,20260308,8009.0483,,
000300.SH,沪深300,20260307,4660.439,,
399933.SZ,800医卫,20260307,8009.0483,,
000300.SH,沪深300,20260306,4660.439,2.38527926E10,4.87807080157E11
399933.SZ,800医卫,20260306,8009.0483,9.57837E8,3.15876892738E10
000300.SH,沪深300,20260305,4647.6921,2.59317825E10,5.70443777085E11
399933.SZ,800医卫,20260305,7831.5759,8.418447E8,2.68193080598E10
000300.SH,沪深300,20260304,4602.6247,3.03035666E10,6.0892312859E11
399933.SZ,800医卫,20260304,7797.8584,1.0685116E9,3.28995003986E10
000300.SH,沪深300,20260303,4655.8962,3.70624272E10,8.0165924377E11
399933.SZ,800医卫,20260303,7895.2619,1.4742967E9,4.31421483306E10
000300.SH,沪深300,20260302,4728.6688,3.49260752E10,7.5268193777E11
399933.SZ,800医卫,20260302,8043.4177,1.3108757E9,4.02399538311E10
000300.SH,沪深300,20260301,4710.6469,,
399933.SZ,800医卫,20260301,8180.3696,,
000300.SH,沪深300,20260228,4710.6469,,
399933.SZ,800医卫,20260228,8180.3696,,
000300.SH,沪深300,20260227,4710.6469,2.61420865E10,5.7882099251E11
399933.SZ,800医卫,20260227,8180.3696,8.216231E8,2.61824700224E10
000300.SH,沪深300,20260226,4726.8739,2.34847644E10,5.99848915405E11
399933.SZ,800医卫,20260226,8171.4983,9.369973E8,3.20682720655E10
000300.SH,沪深300,20260225,4735.8858,2.84268354E10,5.96903872617E11
399933.SZ,800医卫,20260225,8257.6456,1.077441E9,3.0690015152E10
000300.SH,沪深300,20260224,4707.544,2.1848889E10,5.26084235584E11
399933.SZ,800医卫,20260224,8203.6225,9.739632E8,2.73371964224E10
000300.SH,沪深300,20260223,4660.4056,,
399933.SZ,800医卫,20260223,8202.0249,,
000300.SH,沪深300,20260222,4660.4056,,
399933.SZ,800医卫,20260222,8202.0249,,
000300.SH,沪深300,20260221,4660.4056,,
399933.SZ,800医卫,20260221,8202.0249,,
000300.SH,沪深300,20260220,4660.4056,,
399933.SZ,800医卫,20260220,8202.0249,,
000300.SH,沪深300,20260219,4660.4056,,
399933.SZ,800医卫,20260219,8202.0249,,
000300.SH,沪深300,20260218,4660.4056,,
399933.SZ,800医卫,20260218,8202.0249,,
000300.SH,沪深300,20260217,4660.4056,,
399933.SZ,800医卫,20260217,8202.0249,,
000300.SH,沪深300,20260216,4660.4056,,
399933.SZ,800医卫,20260216,8202.0249,,
000300.SH,沪深300,20260215,4660.4056,,
399933.SZ,800医卫,20260215,8202.0249,,
000300.SH,沪深300,20260214,4660.4056,,
399933.SZ,800医卫,20260214,8202.0249,,
000300.SH,沪深300,20260213,4660.4056,1.89167756E10,4.52878594069E11
399933.SZ,800医卫,20260213,8202.0249,8.862979E8,2.48498364671E10
000300.SH,沪深300,20260212,4719.578,1.97841439E10,4.90473852275E11
399933.SZ,800医卫,20260212,8317.187,9.021067E8,2.76665482959E10
000300.SH,沪深300,20260211,4713.8185,1.73391681E10,4.33428613402E11
399933.SZ,800医卫,20260211,8356.8354,8.301714E8,2.57522634949E10
000300.SH,沪深300,20260210,4724.2956,1.87000958E10,4.50339578978E11
399933.SZ,800医卫,20260210,8351.2728,1.0200381E9,3.257134344E10
000300.SH,沪深300,20260209,4719.0559,2.07251938E10,5.22757267199E11
399933.SZ,800医卫,20260209,8292.5775,1.1472261E9,3.09682400357E10
000300.SH,沪深300,20260208,4643.5959,,
399933.SZ,800医卫,20260208,8263.3171,,
000300.SH,沪深300,20260207,4643.5959,,
399933.SZ,800医卫,20260207,8263.3171,,
000300.SH,沪深300,20260206,4643.5959,2.02716477E10,5.05759806238E11
399933.SZ,800医卫,20260206,8263.3171,1.277047E9,3.60108644798E10
000300.SH,沪深300,20260205,4670.4188,2.37856351E10,5.50433167197E11
399933.SZ,800医卫,20260205,8283.6985,1.1605793E9,3.59658270125E10
000300.SH,沪深300,20260204,4698.6832,2.64881032E10,6.36018589863E11
399933.SZ,800医卫,20260204,8243.3387,1.0968946E9,3.29622667832E10
000300.SH,沪深300,20260203,4660.1074,2.65549405E10,6.66626842811E11
399933.SZ,800医卫,20260203,8131.3953,1.0502905E9,3.02968302529E10
000300.SH,沪深300,20260202,4605.9799,3.047735E10,7.25920381252E11
399933.SZ,800医卫,20260202,8015.2146,1.3189507E9,3.81460086695E10
000300.SH,沪深300,20260201,4706.3401,,
399933.SZ,800医卫,20260201,8198.626,,
000300.SH,沪深300,20260131,4706.3401,,
399933.SZ,800医卫,20260131,8198.626,,
000300.SH,沪深300,20260130,4706.3401,3.19786531E10,7.50564885195E11
399933.SZ,800医卫,20260130,8198.626,1.3683147E9,4.10000557117E10
000300.SH,沪深300,20260129,4753.8697,4.15513055E10,9.17966160339E11
399933.SZ,800医卫,20260129,8326.1342,1.6966721E9,5.07756960133E10
000300.SH,沪深300,20260128,4717.9914,3.82255602E10,8.29414067055E11
399933.SZ,800医卫,20260128,8226.9134,1.4923375E9,4.57930342913E10
000300.SH,沪深300,20260127,4705.6918,3.01475697E10,7.1526791484E11
399933.SZ,800医卫,20260127,8328.7004,1.8763552E9,4.89859718008E10
000300.SH,沪深300,20260126,4706.964,3.63004481E10,7.96832970315E11
399933.SZ,800医卫,20260126,8433.5417,2.3777464E9,5.76544941734E10
000300.SH,沪深300,20260125,4702.4966,,
399933.SZ,800医卫,20260125,8424.9974,,
000300.SH,沪深300,20260124,4702.4966,,
399933.SZ,800医卫,20260124,8424.9974,,
000300.SH,沪深300,20260123,4702.4966,3.14635445E10,7.55617735528E11
399933.SZ,800医卫,20260123,8424.9974,1.7989615E9,4.43238229278E10
000300.SH,沪深300,20260122,4723.7091,2.74199932E10,6.90235248161E11
399933.SZ,800医卫,20260122,8348.9229,1.1826261E9,3.39672241321E10
000300.SH,沪深300,20260121,4723.0692,2.66353332E10,6.65330511237E11
399933.SZ,800医卫,20260121,8397.657,1.3637034E9,3.56814230139E10
000300.SH,沪深300,20260120,4718.8782,2.82719579E10,6.71960685391E11
399933.SZ,800医卫,20260120,8414.2374,1.5363733E9,3.85484929059E10
000300.SH,沪深300,20260119,4734.4556,2.67612492E10,6.55149256236E11
399933.SZ,800医卫,20260119,8487.2771,1.4976972E9,3.8753568074E10
000300.SH,沪深300,20260118,4731.8728,,
399933.SZ,800医卫,20260118,8544.8979,,
000300.SH,沪深300,20260117,4731.8728,,
399933.SZ,800医卫,20260117,8544.8979,,
000300.SH,沪深300,20260116,4731.8728,3.25278929E10,7.85624166096E11
399933.SZ,800医卫,20260116,8544.8979,1.8594507E9,4.66258581469E10
000300.SH,沪深300,20260115,4751.4293,2.54003636E10,6.7405868364E11
399933.SZ,800医卫,20260115,8656.7225,2.4877449E9,5.34881408749E10
000300.SH,沪深300,20260114,4741.9306,3.64951023E10,8.91334219174E11
399933.SZ,800医卫,20260114,8726.3608,2.265393E9,6.82375277805E10
000300.SH,沪深300,20260113,4761.0324,3.01449497E10,8.0105497964E11
399933.SZ,800医卫,20260113,8770.6866,1.9017405E9,6.58792485064E10
000300.SH,沪深300,20260112,4789.9155,2.94833165E10,7.99954082388E11
399933.SZ,800医卫,20260112,8668.3074,1.3364174E9,4.59527508452E10
000300.SH,沪深300,20260111,4758.9221,,
399933.SZ,800医卫,20260111,8627.8582,,
000300.SH,沪深300,20260110,4758.9221,,
399933.SZ,800医卫,20260110,8627.8582,,
000300.SH,沪深300,20260109,4758.9221,2.54688038E10,6.68788811127E11
399933.SZ,800医卫,20260109,8627.8582,1.3727319E9,4.26395946631E10
000300.SH,沪深300,20260108,4737.6536,2.38804957E10,6.30655637962E11
399933.SZ,800医卫,20260108,8507.3546,1.3311849E9,3.79657591451E10
000300.SH,沪深300,20260107,4776.6658,2.59095564E10,6.64897929361E11
399933.SZ,800医卫,20260107,8488.0423,1.3127246E9,4.07146111869E10
000300.SH,沪深300,20260106,4790.6938,2.96970686E10,7.25414566873E11
399933.SZ,800医卫,20260106,8457.9216,1.5849048E9,4.3077052573E10
000300.SH,沪深300,20260105,4717.7457,2.34144839E10,6.30577351311E11
399933.SZ,800医卫,20260105,8382.7445,1.5510295E9,4.91413852619E10
000300.SH,沪深300,20260104,4629.9395,,
399933.SZ,800医卫,20260104,8090.6803,,
000300.SH,沪深300,20260103,4629.9395,,
399933.SZ,800医卫,20260103,8090.6803,,
000300.SH,沪深300,20260102,4629.9395,,
399933.SZ,800医卫,20260102,8090.6803,,
000300.SH,沪深300,20260101,4629.9395,,
399933.SZ,800医卫,20260101,8090.6803,,
000300.SH,沪深300,20251231,4629.9395,1.70760224E10,4.44491545749E11
399933.SZ,800医卫,20251231,8090.6803,7.903381E8,2.31818761706E10
000300.SH,沪深300,20251230,4651.2818,1.80374974E10,4.57185489037E11
399933.SZ,800医卫,20251230,8142.5464,7.602636E8,2.33178188025E10
000300.SH,沪深300,20251229,4639.3721,2.00397133E10,4.82613536467E11
399933.SZ,800医卫,20251229,8182.8375,8.614758E8,2.42482318319E10
000300.SH,沪深300,20251228,4657.24,,
399933.SZ,800医卫,20251228,8275.8987,,
000300.SH,沪深300,20251227,4657.24,,
399933.SZ,800医卫,20251227,8275.8987,,
000300.SH,沪深300,20251226,4657.24,1.75396565E10,4.60426934268E11
399933.SZ,800医卫,20251226,8275.8987,7.981495E8,2.18541183539E10
000300.SH,沪深300,20251225,4642.5357,1.39434186E10,3.85356060832E11
399933.SZ,800医卫,20251225,8281.9122,7.620498E8,2.02794212254E10
000300.SH,沪深300,20251224,4634.0586,1.53711241E10,4.06375640662E11
399933.SZ,800医卫,20251224,8235.286,8.837147E8,2.12760316181E10
000300.SH,沪深300,20251223,4620.7341,1.69256412E10,4.33141326006E11
399933.SZ,800医卫,20251223,8231.2187,1.0107833E9,2.26630423293E10
000300.SH,沪深300,20251222,4611.6235,1.65252856E10,4.48240599514E11
399933.SZ,800医卫,20251222,8272.8013,1.1477225E9,2.49434962868E10
000300.SH,沪深300,20251221,4568.1781,,
399933.SZ,800医卫,20251221,8301.7541,,
000300.SH,沪深300,20251220,4568.1781,,
399933.SZ,800医卫,20251220,8301.7541,,
000300.SH,沪深300,20251219,4568.1781,1.5487622E10,3.71577144281E11
399933.SZ,800医卫,20251219,8301.7541,1.6090979E9,3.14285830427E10
000300.SH,沪深300,20251218,4552.7926,1.51681328E10,3.82102395685E11
399933.SZ,800医卫,20251218,8206.7979,1.1987195E9,2.38865290162E10
000300.SH,沪深300,20251217,4579.875,1.7842483E10,4.52504741114E11
399933.SZ,800医卫,20251217,8199.2673,1.0361042E9,2.5910112899E10
000300.SH,沪深300,20251216,4497.5545,1.65165201E10,3.90500134303E11
399933.SZ,800医卫,20251216,8087.1607,8.048232E8,2.51055050337E10
000300.SH,沪深300,20251215,4552.0596,1.67589967E10,4.24383389792E11
399933.SZ,800医卫,20251215,8200.1334,7.444472E8,2.55273218869E10
000300.SH,沪深300,20251214,4580.95,,
399933.SZ,800医卫,20251214,8307.5737,,
000300.SH,沪深300,20251213,4580.95,,
399933.SZ,800医卫,20251213,8307.5737,,
000300.SH,沪深300,20251212,4580.95,2.1282652E10,5.23863221652E11
399933.SZ,800医卫,20251212,8307.5737,1.1584884E9,3.48453544427E10
000300.SH,沪深300,20251211,4552.1848,1.68419405E10,4.3243109351E11
399933.SZ,800医卫,20251211,8276.6641,9.38198E8,2.59316941572E10
000300.SH,沪深300,20251210,4591.8273,1.69111106E10,4.01452781498E11
399933.SZ,800医卫,20251210,8327.258,7.696889E8,2.33309534118E10
000300.SH,沪深300,20251209,4598.2232,1.84160344E10,4.52113884581E11
399933.SZ,800医卫,20251209,8309.8764,8.188516E8,2.63449511461E10
000300.SH,沪深300,20251208,4621.7545,1.9962099E10,4.96716196112E11
399933.SZ,800医卫,20251208,8349.1661,7.847679E8,2.4817821642E10
000300.SH,沪深300,20251207,4584.5368,,
399933.SZ,800医卫,20251207,8334.5771,,
000300.SH,沪深300,20251206,4584.5368,,
399933.SZ,800医卫,20251206,8334.5771,,
000300.SH,沪深300,20251205,4584.5368,1.96799968E10,4.12146806538E11
399933.SZ,800医卫,20251205,8334.5771,7.169326E8,2.15512016556E10
000300.SH,沪深300,20251204,4546.5664,1.4719811E10,3.48767399212E11
399933.SZ,800医卫,20251204,8291.7272,6.463713E8,1.94838580215E10
000300.SH,沪深300,20251203,4531.0486,1.6976279E10,3.74486168903E11
399933.SZ,800医卫,20251203,8275.2238,7.805218E8,2.34037944326E10
000300.SH,沪深300,20251202,4554.3347,1.48493132E10,3.64366426478E11
399933.SZ,800医卫,20251202,8305.0427,6.9346E8,2.21977777263E10
000300.SH,沪深300,20251201,4576.4856,2.00382317E10,4.63861587251E11
399933.SZ,800医卫,20251201,8423.6495,8.27844E8,2.53544352474E10
000300.SH,沪深300,20251130,4526.6616,,
399933.SZ,800医卫,20251130,8394.3585,,
000300.SH,沪深300,20251129,4526.6616,,
399933.SZ,800医卫,20251129,8394.3585,,
000300.SH,沪深300,20251128,4526.6616,1.42902096E10,3.41832317979E11
399933.SZ,800医卫,20251128,8394.3585,6.861617E8,2.24047517268E10
000300.SH,沪深300,20251127,4515.4027,1.50311772E10,4.17789843568E11
399933.SZ,800医卫,20251127,8375.1834,7.300196E8,2.41253466589E10
000300.SH,沪深300,20251126,4517.6255,1.56200368E10,4.27361377738E11
399933.SZ,800医卫,20251126,8421.9849,9.590484E8,2.86138417484E10
000300.SH,沪深300,20251125,4490.4047,1.69571929E10,4.11523796962E11
399933.SZ,800医卫,20251125,8383.1141,8.848418E8,2.60737049464E10
000300.SH,沪深300,20251124,4448.0478,1.85833729E10,4.258074695E11
399933.SZ,800医卫,20251124,8354.9479,9.223808E8,2.69719843875E10
000300.SH,沪深300,20251123,4453.6076,,
399933.SZ,800医卫,20251123,8281.3385,,
000300.SH,沪深300,20251122,4453.6076,,
399933.SZ,800医卫,20251122,8281.3385,,
000300.SH,沪深300,20251121,4453.6076,2.22851013E10,4.81295814463E11
399933.SZ,800医卫,20251121,8281.3385,1.1588727E9,3.34639900039E10
000300.SH,沪深300,20251120,4564.9483,1.94562593E10,4.1506481773E11
399933.SZ,800医卫,20251120,8436.2096,8.532332E8,2.47067458319E10
000300.SH,沪深300,20251119,4588.2922,1.72924974E10,3.8523048197E11
399933.SZ,800医卫,20251119,8487.4608,8.522832E8,2.34075341206E10
000300.SH,沪深300,20251118,4568.1928,1.77713185E10,4.20150126547E11
399933.SZ,800医卫,20251118,8549.8228,1.0201158E9,2.62304319851E10
000300.SH,沪深300,20251117,4598.0525,1.88955466E10,4.38940097528E11
399933.SZ,800医卫,20251117,8593.9827,1.1567209E9,3.26646573392E10
000300.SH,沪深300,20251116,4628.1398,,
399933.SZ,800医卫,20251116,8747.3194,,
000300.SH,沪深300,20251115,4628.1398,,
399933.SZ,800医卫,20251115,8747.3194,,
000300.SH,沪深300,20251114,4628.1398,1.92092676E10,4.44720433579E11
399933.SZ,800医卫,20251114,8747.3194,1.1653474E9,3.51807108262E10
000300.SH,沪深300,20251113,4702.0738,2.07367474E10,5.1006067821E11
399933.SZ,800医卫,20251113,8801.4819,1.1623018E9,3.93018786553E10
000300.SH,沪深300,20251112,4645.9079,2.09460592E10,4.92308866409E11
399933.SZ,800医卫,20251112,8688.4814,1.1678626E9,3.74538134575E10
000300.SH,沪深300,20251111,4652.1655,1.86638858E10,4.77629076357E11
399933.SZ,800医卫,20251111,8661.9523,1.1371558E9,3.25653878851E10
000300.SH,沪深300,20251110,4695.0507,2.36026764E10,5.93977127605E11
399933.SZ,800医卫,20251110,8693.6493,1.4035515E9,4.33795169496E10
000300.SH,沪深300,20251109,4678.7944,,
399933.SZ,800医卫,20251109,8578.3446,,
000300.SH,沪深300,20251108,4678.7944,,
399933.SZ,800医卫,20251108,8578.3446,,
000300.SH,沪深300,20251107,4678.7944,2.12497377E10,5.075738495E11
399933.SZ,800医卫,20251107,8578.3446,1.146126E9,3.16768817035E10
000300.SH,沪深300,20251106,4693.4032,2.24241008E10,5.53641780921E11
399933.SZ,800医卫,20251106,8597.7702,8.984881E8,2.66629607385E10
000300.SH,沪深300,20251105,4627.257,2.03045871E10,4.68361161389E11
399933.SZ,800医卫,20251105,8575.6171,9.154717E8,2.94870969277E10
000300.SH,沪深300,20251104,4618.699,2.33224032E10,5.05177700977E11
399933.SZ,800医卫,20251104,8571.6526,1.2458314E9,3.99293087929E10
000300.SH,沪深300,20251103,4653.4028,2.39869809E10,5.57602941096E11
399933.SZ,800医卫,20251103,8732.1785,1.375017E9,4.42091301656E10
000300.SH,沪深300,20251102,4640.6676,,
399933.SZ,800医卫,20251102,8799.5121,,
000300.SH,沪深300,20251101,4640.6676,,
399933.SZ,800医卫,20251101,8799.5121,,
000300.SH,沪深300,20251031,4640.6676,2.8146474E10,6.80712251493E11
399933.SZ,800医卫,20251031,8799.5121,1.7079254E9,5.45155990684E10
000300.SH,沪深300,20251030,4709.911,2.73289118E10,7.19956285438E11
399933.SZ,800医卫,20251030,8667.67,1.6202303E9,5.17258730527E10
000300.SH,沪深300,20251029,4747.8378,2.46211324E10,6.45898688765E11
399933.SZ,800医卫,20251029,8860.0687,1.2439203E9,4.33409960357E10
000300.SH,沪深300,20251028,4691.973,2.20906645E10,5.71563257096E11
399933.SZ,800医卫,20251028,8788.6593,1.2894255E9,4.1199121966E10
000300.SH,沪深300,20251027,4716.0186,2.62200674E10,6.72670372523E11
399933.SZ,800医卫,20251027,8885.2384,1.2235115E9,4.60582518033E10
000300.SH,沪深300,20251026,4660.6835,,
399933.SZ,800医卫,20251026,8811.3194,,
000300.SH,沪深300,20251025,4660.6835,,
399933.SZ,800医卫,20251025,8811.3194,,
000300.SH,沪深300,20251024,4660.6835,2.08814483E10,5.51986648561E11
399933.SZ,800医卫,20251024,8811.3194,8.655936E8,2.89773980729E10
000300.SH,沪深300,20251023,4606.3447,2.00463917E10,4.20800208776E11
399933.SZ,800医卫,20251023,8783.16,8.83687E8,2.71102628358E10
000300.SH,沪深300,20251022,4592.57,1.8533396E10,4.40935302747E11
399933.SZ,800医卫,20251022,8802.4085,9.437277E8,2.83014166686E10
000300.SH,沪深300,20251021,4607.8715,2.15711175E10,5.51390253216E11
399933.SZ,800医卫,20251021,8869.9996,9.090209E8,3.02516046825E10
000300.SH,沪深300,20251020,4538.2201,2.18420405E10,5.05798833703E11
399933.SZ,800医卫,20251020,8785.9901,9.034807E8,3.02021515361E10
000300.SH,沪深300,20251019,4514.2345,,
399933.SZ,800医卫,20251019,8768.7573,,
000300.SH,沪深300,20251018,4514.2345,,
399933.SZ,800医卫,20251018,8768.7573,,
000300.SH,沪深300,20251017,4514.2345,2.56905617E10,5.59085965219E11
399933.SZ,800医卫,20251017,8768.7573,1.0964598E9,3.5528566465E10
000300.SH,沪深300,20251016,4618.4218,2.48235518E10,5.60567191741E11
399933.SZ,800医卫,20251016,8952.8057,1.202274E9,3.74885898157E10
000300.SH,沪深300,20251015,4606.2879,2.84771855E10,6.07326345326E11
399933.SZ,800医卫,20251015,8927.0036,1.2600808E9,3.80916554212E10
000300.SH,沪深300,20251014,4539.0644,3.7295403E10,8.08959003201E11
399933.SZ,800医卫,20251014,8775.8983,1.2843597E9,4.54598997496E10
000300.SH,沪深300,20251013,4593.9785,3.15010354E10,7.14001634395E11
399933.SZ,800医卫,20251013,8939.9515,1.3266432E9,4.36465137143E10
000300.SH,沪深300,20251012,4616.8341,,
399933.SZ,800医卫,20251012,9123.5035,,
000300.SH,沪深300,20251011,4616.8341,,
399933.SZ,800医卫,20251011,9123.5035,,
000300.SH,沪深300,20251010,4616.8341,3.19020899E10,7.92743047251E11
399933.SZ,800医卫,20251010,9123.5035,1.2272712E9,4.65341564824E10
000300.SH,沪深300,20251009,4709.482,3.47678696E10,8.62208005908E11
399933.SZ,800医卫,20251009,9311.8915,1.392153E9,4.68481448206E10
000300.SH,沪深300,20251008,4640.6935,,
399933.SZ,800医卫,20251008,9267.0755,,
000300.SH,沪深300,20251007,4640.6935,,
399933.SZ,800医卫,20251007,9267.0755,,
000300.SH,沪深300,20251006,4640.6935,,
399933.SZ,800医卫,20251006,9267.0755,,
000300.SH,沪深300,20251005,4640.6935,,
399933.SZ,800医卫,20251005,9267.0755,,
000300.SH,沪深300,20251004,4640.6935,,
399933.SZ,800医卫,20251004,9267.0755,,
000300.SH,沪深300,20251003,4640.6935,,
399933.SZ,800医卫,20251003,9267.0755,,
000300.SH,沪深300,20251002,4640.6935,,
399933.SZ,800医卫,20251002,9267.0755,,
000300.SH,沪深300,20251001,4640.6935,,
399933.SZ,800医卫,20251001,9267.0755,,
000300.SH,沪深300,20250930,4640.6935,2.47980359E10,6.64624101862E11
399933.SZ,800医卫,20250930,9267.0755,1.0111437E9,4.07352712063E10
000300.SH,沪深300,20250929,4620.0528,2.74358877E10,6.93395231241E11
399933.SZ,800医卫,20250929,9107.7479,1.1301463E9,4.07066283473E10
000300.SH,沪深300,20250928,4550.0487,,
399933.SZ,800医卫,20250928,9089.6367,,
000300.SH,沪深300,20250927,4550.0487,,
399933.SZ,800医卫,20250927,9089.6367,,
000300.SH,沪深300,20250926,4550.0487,2.08482114E10,5.98723903174E11
399933.SZ,800医卫,20250926,9089.6367,1.0124234E9,3.98513740243E10
000300.SH,沪深300,20250925,4593.4875,2.29823333E10,6.69866986619E11
399933.SZ,800医卫,20250925,9263.1981,1.1023217E9,4.58725997623E10
000300.SH,沪深300,20250924,4566.0708,2.20482608E10,6.29161495484E11
399933.SZ,800医卫,20250924,9180.3059,1.1050113E9,3.99457445104E10
000300.SH,沪深300,20250923,4519.7781,2.52827062E10,6.80513630696E11
399933.SZ,800医卫,20250923,9049.8604,1.4248249E9,4.80198117809E10
000300.SH,沪深300,20250922,4522.608,1.96459956E10,5.63149164266E11
399933.SZ,800医卫,20250922,9201.6626,1.1375747E9,4.05990504653E10
000300.SH,沪深300,20250921,4501.9195,,
399933.SZ,800医卫,20250921,9207.8836,,
000300.SH,沪深300,20250920,4501.9195,,
399933.SZ,800医卫,20250920,9207.8836,,
000300.SH,沪深300,20250919,4501.9195,2.25044E10,6.03887059817E11
399933.SZ,800医卫,20250919,9207.8836,1.3280745E9,4.47601024182E10
000300.SH,沪深300,20250918,4498.109,3.09859826E10,8.39987127411E11
399933.SZ,800医卫,20250918,9310.6338,1.8474936E9,6.32476633745E10
000300.SH,沪深300,20250917,4551.023,2.35716472E10,6.08454200521E11
399933.SZ,800医卫,20250917,9341.5915,1.1244196E9,4.27291233766E10
000300.SH,沪深300,20250916,4523.3367,2.49269206E10,6.13728334806E11
399933.SZ,800医卫,20250916,9321.8304,1.1973922E9,4.06478355709E10
000300.SH,沪深300,20250915,4533.0557,2.31885678E10,6.13314652419E11
399933.SZ,800医卫,20250915,9338.4129,1.3179371E9,4.99194605799E10
000300.SH,沪深300,20250914,4521.998,,
399933.SZ,800医卫,20250914,9336.7787,,
000300.SH,沪深300,20250913,4521.998,,
399933.SZ,800医卫,20250913,9336.7787,,
000300.SH,沪深300,20250912,4521.998,2.66442003E10,6.89576075691E11
399933.SZ,800医卫,20250912,9336.7787,1.505806E9,5.64244819827E10
000300.SH,沪深300,20250911,4548.0345,2.53264051E10,6.93156671398E11
399933.SZ,800医卫,20250911,9337.4308,1.9082236E9,7.42434819221E10
000300.SH,沪深300,20250910,4445.3649,2.03597646E10,5.35539349489E11
399933.SZ,800医卫,20250910,9345.6309,1.1422064E9,4.36961465473E10
000300.SH,沪深300,20250909,4436.2584,2.2137546E10,5.62861103958E11
399933.SZ,800医卫,20250909,9414.711,1.5310425E9,5.93521226016E10
000300.SH,沪深300,20250908,4467.5733,2.67638382E10,6.83630879769E11
399933.SZ,800医卫,20250908,9595.3574,1.8332259E9,6.86618570036E10
000300.SH,沪深300,20250907,4460.3249,,
399933.SZ,800医卫,20250907,9409.975,,
000300.SH,沪深300,20250906,4460.3249,,
399933.SZ,800医卫,20250906,9409.975,,
000300.SH,沪深300,20250905,4460.3249,2.49625657E10,6.64166970947E11
399933.SZ,800医卫,20250905,9409.975,1.6041475E9,6.07369890784E10
000300.SH,沪深300,20250904,4365.2085,3.07934609E10,7.73124596998E11
399933.SZ,800医卫,20250904,9135.4139,1.910876E9,7.2256528862E10
000300.SH,沪深300,20250903,4459.8296,2.54320217E10,6.55697116709E11
399933.SZ,800医卫,20250903,9460.3265,1.7531057E9,6.82409316618E10
000300.SH,沪深300,20250902,4490.4528,3.03932566E10,7.77999297964E11
399933.SZ,800医卫,20250902,9443.5933,2.1491987E9,8.14708873383E10
000300.SH,沪深300,20250901,4523.7111,3.20366708E10,7.70378288127E11
399933.SZ,800医卫,20250901,9464.8823,2.2317524E9,8.18865548962E10
000300.SH,沪深300,20250831,4496.7591,,
399933.SZ,800医卫,20250831,9167.4203,,
000300.SH,沪深300,20250830,4496.7591,,
399933.SZ,800医卫,20250830,9167.4203,,
000300.SH,沪深300,20250829,4496.7591,3.51938947E10,8.31194066158E11
399933.SZ,800医卫,20250829,9167.4203,1.9958022E9,6.97732545347E10
000300.SH,沪深300,20250828,4463.782,2.96834536E10,7.39423602221E11
399933.SZ,800医卫,20250828,8981.0816,2.1072275E9,6.56903689469E10
000300.SH,沪深300,20250827,4386.1266,3.33133898E10,7.85098482974E11
399933.SZ,800医卫,20250827,8979.0389,2.3432317E9,7.13556668427E10
000300.SH,沪深300,20250826,4452.5905,2.70621395E10,6.27950450229E11
399933.SZ,800医卫,20250826,9170.8241,1.8616833E9,5.92010372516E10
000300.SH,沪深300,20250825,4469.2217,3.58090006E10,8.23681964473E11
399933.SZ,800医卫,20250825,9258.811,2.3691902E9,7.61848114513E10
000300.SH,沪深300,20250824,4377.9977,,
399933.SZ,800医卫,20250824,9065.8541,,
000300.SH,沪深300,20250823,4377.9977,,
399933.SZ,800医卫,20250823,9065.8541,,
000300.SH,沪深300,20250822,4377.9977,2.90434897E10,6.75935075409E11
399933.SZ,800医卫,20250822,9065.8541,1.5900282E9,5.31970434775E10
000300.SH,沪深300,20250821,4288.0707,2.59030014E10,5.58521268967E11
399933.SZ,800医卫,20250821,8993.5149,1.704644E9,5.71396748933E10
000300.SH,沪深300,20250820,4271.3958,2.46481773E10,5.38815306147E11
399933.SZ,800医卫,20250820,8913.4342,1.6808292E9,5.2953914139E10
000300.SH,沪深300,20250819,4223.3741,2.50818771E10,5.5353620326E11
399933.SZ,800医卫,20250819,8847.7009,1.9975763E9,6.90078914031E10
000300.SH,沪深300,20250818,4239.4125,3.01479102E10,6.35365867185E11
399933.SZ,800医卫,20250818,8951.7072,2.0538818E9,6.28775562765E10
000300.SH,沪深300,20250817,4202.3533,,
399933.SZ,800医卫,20250817,8893.9937,,
000300.SH,沪深300,20250816,4202.3533,,
399933.SZ,800医卫,20250816,8893.9937,,
000300.SH,沪深300,20250815,4202.3533,2.61327566E10,5.18686873501E11
399933.SZ,800医卫,20250815,8893.9937,1.6080705E9,4.82319877552E10
000300.SH,沪深300,20250814,4173.3131,2.21103595E10,4.85075642622E11
399933.SZ,800医卫,20250814,8827.8889,1.5705211E9,5.29262730669E10
000300.SH,沪深300,20250813,4176.5776,2.13934999E10,4.62776745465E11
399933.SZ,800医卫,20250813,8903.1166,1.7079936E9,5.91780645487E10
000300.SH,沪深300,20250812,4143.8252,1.77287823E10,3.8308842333E11
399933.SZ,800医卫,20250812,8737.6249,1.310255E9,4.19565529748E10
000300.SH,沪深300,20250811,4122.5106,1.90443716E10,3.60685826235E11
399933.SZ,800医卫,20250811,8744.2476,1.255607E9,3.96644804904E10
000300.SH,沪深300,20250810,4104.9669,,
399933.SZ,800医卫,20250810,8679.9137,,
000300.SH,沪深300,20250809,4104.9669,,
399933.SZ,800医卫,20250809,8679.9137,,
000300.SH,沪深300,20250808,4104.9669,1.73171201E10,3.08507687635E11
399933.SZ,800医卫,20250808,8679.9137,1.2313151E9,3.82744893675E10
000300.SH,沪深300,20250807,4114.666,1.98641902E10,3.58108366984E11
399933.SZ,800医卫,20250807,8701.9762,1.5201951E9,4.63366328187E10
000300.SH,沪深300,20250806,4113.4852,1.76676155E10,3.07674626125E11
399933.SZ,800医卫,20250806,8776.5609,1.4297218E9,4.25971623767E10
000300.SH,沪深300,20250805,4103.45,1.78851999E10,3.06934255766E11
399933.SZ,800医卫,20250805,8806.2021,1.4669256E9,4.29922910265E10
000300.SH,沪深300,20250804,4070.7023,1.62275902E10,2.95976826632E11
399933.SZ,800医卫,20250804,8768.6119,1.785693E9,5.3683690839E10
000300.SH,沪深300,20250803,4054.9286,,
399933.SZ,800医卫,20250803,8752.8827,,
000300.SH,沪深300,20250802,4054.9286,,
399933.SZ,800医卫,20250802,8752.8827,,
000300.SH,沪深300,20250801,4054.9286,1.96221826E10,3.59685164163E11
399933.SZ,800医卫,20250801,8752.8827,1.8285037E9,5.68428578271E10
000300.SH,沪深300,20250731,4075.5912,2.67087406E10,4.92142571739E11
399933.SZ,800医卫,20250731,8817.0336,2.0840594E9,6.45542028029E10
000300.SH,沪深300,20250730,4151.2379,2.49853048E10,4.45168467668E11
399933.SZ,800医卫,20250730,8959.6764,2.3201817E9,7.71712988827E10
000300.SH,沪深300,20250729,4152.0247,2.3080788E10,4.28764310974E11
399933.SZ,800医卫,20250729,8935.4423,2.0901465E9,7.18481771236E10
000300.SH,沪深300,20250728,4135.8242,2.22759815E10,4.06792873973E11
399933.SZ,800医卫,20250728,8754.2786,1.5709957E9,5.25884872603E10
000300.SH,沪深300,20250727,4127.1634,,
399933.SZ,800医卫,20250727,8609.8202,,
000300.SH,沪深300,20250726,4127.1634,,
399933.SZ,800医卫,20250726,8609.8202,,
000300.SH,沪深300,20250725,4127.1634,2.73594963E10,4.30445513471E11
399933.SZ,800医卫,20250725,8609.8202,1.8419231E9,5.55681139498E10
000300.SH,沪深300,20250724,4149.0368,3.19632392E10,4.87000043884E11
399933.SZ,800医卫,20250724,8633.1413,2.0976676E9,5.81563593507E10
000300.SH,沪深300,20250723,4119.7685,3.00506154E10,4.70330899421E11
399933.SZ,800医卫,20250723,8450.8973,1.6874768E9,4.90440046331E10
000300.SH,沪深300,20250722,4118.9582,2.57596985E10,4.50874014479E11
399933.SZ,800医卫,20250722,8452.1036,1.5380801E9,4.77662996158E10
000300.SH,沪深300,20250721,4085.6072,2.23268476E10,3.77938564878E11
399933.SZ,800医卫,20250721,8402.5702,1.1869664E9,3.77538313202E10
000300.SH,沪深300,20250720,4058.5486,,
399933.SZ,800医卫,20250720,8432.3932,,
000300.SH,沪深300,20250719,4058.5486,,
399933.SZ,800医卫,20250719,8432.3932,,
000300.SH,沪深300,20250718,4058.5486,1.86211063E10,3.5424444463E11
399933.SZ,800医卫,20250718,8432.3932,1.1784767E9,3.85370092428E10
000300.SH,沪深300,20250717,4034.491,1.61249041E10,3.25516865723E11
399933.SZ,800医卫,20250717,8353.3406,1.3488666E9,4.11188006957E10
000300.SH,沪深300,20250716,4007.2019,1.51027308E10,3.00656795665E11
399933.SZ,800医卫,20250716,8227.7159,1.4042509E9,3.81823990879E10
000300.SH,沪深300,20250715,4019.0644,1.91042931E10,3.53524574441E11
399933.SZ,800医卫,20250715,8179.9817,1.2912738E9,3.76228421827E10
000300.SH,沪深300,20250714,4017.6678,2.07917175E10,3.21415945157E11
399933.SZ,800医卫,20250714,8171.2445,1.1279766E9,3.51782266335E10
000300.SH,沪深300,20250713,4014.807,,
399933.SZ,800医卫,20250713,8160.607,,
000300.SH,沪深300,20250712,4014.807,,
399933.SZ,800医卫,20250712,8160.607,,
000300.SH,沪深300,20250711,4014.807,2.62052773E10,4.4378079488E11
399933.SZ,800医卫,20250711,8160.607,1.3413102E9,4.18851372997E10
000300.SH,沪深300,20250710,4010.0243,2.09778904E10,3.47836703626E11
399933.SZ,800医卫,20250710,8066.2925,1.1452278E9,3.31425507927E10
000300.SH,沪深300,20250709,3991.4006,1.73293796E10,3.05398796563E11
399933.SZ,800医卫,20250709,8016.9273,1.1767762E9,3.53855298826E10
000300.SH,沪深300,20250708,3998.4527,1.56402895E10,2.92089834224E11
399933.SZ,800医卫,20250708,7973.5027,1.0430008E9,2.94951316819E10
000300.SH,沪深300,20250707,3965.1746,1.31135273E10,2.25106992876E11
399933.SZ,800医卫,20250707,7940.7742,9.173248E8,2.79877046952E10
000300.SH,沪深300,20250706,3982.2034,,
399933.SZ,800医卫,20250706,8043.0,,
000300.SH,沪深300,20250705,3982.2034,,
399933.SZ,800医卫,20250705,8043.0,,
000300.SH,沪深300,20250704,3982.2034,1.57197133E10,2.90512992198E11
399933.SZ,800医卫,20250704,8043.0,1.1226671E9,3.3016347937E10
000300.SH,沪深300,20250703,3968.0676,1.41004006E10,2.69609569539E11
399933.SZ,800医卫,20250703,8023.3836,1.177783E9,3.25769840517E10
000300.SH,沪深300,20250702,3943.6849,1.47063062E10,2.46637847454E11
399933.SZ,800医卫,20250702,7950.2815,1.0416339E9,2.7561485704E10
000300.SH,沪深300,20250701,3942.762,1.28959362E10,2.36070338399E11
399933.SZ,800医卫,20250701,8013.459,1.1126799E9,3.01130590258E10
000300.SH,沪深300,20250630,3936.0791,1.45170236E10,2.88821434921E11
399933.SZ,800医卫,20250630,7928.4879,9.860107E8,2.79959299287E10
000300.SH,沪深300,20250629,3921.7578,,
399933.SZ,800医卫,20250629,7871.0762,,
000300.SH,沪深300,20250628,3921.7578,,
399933.SZ,800医卫,20250628,7871.0762,,
000300.SH,沪深300,20250627,3921.7578,1.94557913E10,3.43468229814E11
399933.SZ,800医卫,20250627,7871.0762,9.614516E8,2.44203552659E10
000300.SH,沪深300,20250626,3946.0195,1.65316263E10,3.28102847496E11
399933.SZ,800医卫,20250626,7864.2999,1.0067077E9,2.62566221789E10
000300.SH,沪深300,20250625,3960.0662,1.87213671E10,3.61727254624E11
399933.SZ,800医卫,20250625,7944.6582,1.015324E9,2.86707182805E10
000300.SH,沪深300,20250624,3904.0342,1.63656188E10,2.94228720613E11
399933.SZ,800医卫,20250624,7878.3608,9.877471E8,2.79977133224E10
000300.SH,沪深300,20250623,3857.9016,1.33800892E10,2.3248221585E11
399933.SZ,800医卫,20250623,7803.738,8.889914E8,2.49063401112E10
000300.SH,沪深300,20250622,3846.6443,,
399933.SZ,800医卫,20250622,7775.2734,,
000300.SH,沪深300,20250621,3846.6443,,
399933.SZ,800医卫,20250621,7775.2734,,
000300.SH,沪深300,20250620,3846.6443,1.1815102E10,2.13522822875E11
399933.SZ,800医卫,20250620,7775.2734,7.695252E8,2.04484361818E10
000300.SH,沪深300,20250619,3843.0912,1.30280658E10,2.34840180806E11
399933.SZ,800医卫,20250619,7769.0568,8.523767E8,2.40987358774E10
000300.SH,沪深300,20250618,3874.9708,1.27528621E10,2.30553858264E11
399933.SZ,800医卫,20250618,7852.2606,9.706539E8,2.6038315735E10
000300.SH,沪深300,20250617,3870.3786,1.22342526E10,2.20399818949E11
399933.SZ,800医卫,20250617,7913.334,1.3883404E9,3.88427329812E10
000300.SH,沪深300,20250616,3873.7951,1.37341835E10,2.46860982863E11
399933.SZ,800医卫,20250616,8044.5533,1.0938871E9,3.19493354465E10
000300.SH,沪深300,20250615,3864.1822,,
399933.SZ,800医卫,20250615,8115.1179,,
000300.SH,沪深300,20250614,3864.1822,,
399933.SZ,800医卫,20250614,8115.1179,,
000300.SH,沪深300,20250613,3864.1822,1.72539536E10,3.0917234618E11
399933.SZ,800医卫,20250613,8115.1179,1.8511699E9,5.17723490389E10
000300.SH,沪深300,20250612,3892.1992,1.33998697E10,2.60239581458E11
399933.SZ,800医卫,20250612,8264.2676,1.3586511E9,3.92200847798E10
000300.SH,沪深300,20250611,3894.6252,1.42414772E10,2.57217704405E11
399933.SZ,800医卫,20250611,8152.8115,1.1465881E9,3.15061984891E10
000300.SH,沪深300,20250610,3865.4652,1.45563859E10,2.63647551795E11
399933.SZ,800医卫,20250610,8176.8974,1.628599E9,4.26822556651E10
000300.SH,沪深300,20250609,3885.2459,1.36306293E10,2.62023668466E11
399933.SZ,800医卫,20250609,8155.5696,1.5871716E9,4.18456933784E10
000300.SH,沪深300,20250608,3873.9841,,
399933.SZ,800医卫,20250608,8043.9734,,
000300.SH,沪深300,20250607,3873.9841,,
399933.SZ,800医卫,20250607,8043.9734,,
000300.SH,沪深300,20250606,3873.9841,1.10987971E10,2.02034736311E11
399933.SZ,800医卫,20250606,8043.9734,1.05937E9,2.89015339783E10
000300.SH,沪深300,20250605,3877.5557,1.22878184E10,2.31749275335E11
399933.SZ,800医卫,20250605,8093.1551,1.2939616E9,3.43544388948E10
000300.SH,沪深300,20250604,3868.7429,1.16803873E10,2.11736178154E11
399933.SZ,800医卫,20250604,8168.1249,1.3565556E9,3.65717596403E10
000300.SH,沪深300,20250603,3852.0127,1.3140309E10,2.26782772063E11
399933.SZ,800医卫,20250603,8109.5336,1.354519E9,3.68020716273E10
000300.SH,沪深300,20250602,3840.2323,,
399933.SZ,800医卫,20250602,8015.7415,,
000300.SH,沪深300,20250601,3840.2323,,
399933.SZ,800医卫,20250601,8015.7415,,
000300.SH,沪深300,20250531,3840.2323,,
399933.SZ,800医卫,20250531,8015.7415,,
000300.SH,沪深300,20250530,3840.2323,1.11672228E10,1.99389751071E11
399933.SZ,800医卫,20250530,8015.7415,1.2005118E9,3.37931299935E10
000300.SH,沪深300,20250529,3858.6998,1.08471886E10,2.09459602501E11
399933.SZ,800医卫,20250529,8005.215,1.1784734E9,3.15638979774E10
000300.SH,沪深300,20250528,3836.2366,8.9031026E9,1.62496372728E11
399933.SZ,800医卫,20250528,7877.0895,7.81419E8,2.23999909363E10
000300.SH,沪深300,20250527,3839.3969,9.8572425E9,1.78466763541E11
399933.SZ,800医卫,20250527,7884.8921,8.672551E8,2.40735173866E10
000300.SH,沪深300,20250526,3860.1067,1.09601207E10,2.08876792149E11
399933.SZ,800医卫,20250526,7838.6282,9.997606E8,2.69480812372E10
000300.SH,沪深300,20250525,3882.2741,,
399933.SZ,800医卫,20250525,7931.8186,,
000300.SH,沪深300,20250524,3882.2741,,
399933.SZ,800医卫,20250524,7931.8186,,
000300.SH,沪深300,20250523,3882.2741,1.20277419E10,2.32945378295E11
399933.SZ,800医卫,20250523,7931.8186,1.3962198E9,3.77825013795E10
000300.SH,沪深300,20250522,3913.8651,1.07597052E10,1.97511410271E11
399933.SZ,800医卫,20250522,7915.4974,9.83667E8,2.58825031947E10
000300.SH,沪深300,20250521,3916.3807,1.09791343E10,2.17037739435E11
399933.SZ,800医卫,20250521,7961.1891,1.0881868E9,3.05242102659E10
000300.SH,沪深300,20250520,3898.1705,1.04885234E10,2.01636702522E11
399933.SZ,800医卫,20250520,7912.8531,1.2485559E9,3.34566152279E10
000300.SH,沪深300,20250519,3877.1453,9.8643414E9,1.84888170554E11
399933.SZ,800医卫,20250519,7803.3518,9.394384E8,2.32548177051E10
000300.SH,沪深300,20250518,3889.0854,,
399933.SZ,800医卫,20250518,7831.7229,,
000300.SH,沪深300,20250517,3889.0854,,
399933.SZ,800医卫,20250517,7831.7229,,
000300.SH,沪深300,20250516,3889.0854,1.18405345E10,2.08835664039E11
399933.SZ,800医卫,20250516,7831.7229,1.1473008E9,2.80784797901E10
000300.SH,沪深300,20250515,3907.1992,1.38081749E10,2.41464943554E11
399933.SZ,800医卫,20250515,7809.5122,1.0462588E9,2.70926467724E10
000300.SH,沪深300,20250514,3943.2108,1.72033779E10,3.19465226851E11
399933.SZ,800医卫,20250514,7812.5717,1.0082676E9,2.69568107503E10
000300.SH,沪深300,20250513,3896.2583,1.47320299E10,2.6758639772E11
399933.SZ,800医卫,20250513,7775.6864,1.2058173E9,3.0630612294E10
000300.SH,沪深300,20250512,3890.6096,1.5333246E10,2.96122947808E11
399933.SZ,800医卫,20250512,7701.015,1.0297844E9,3.04687512627E10
000300.SH,沪深300,20250511,3846.1566,,
399933.SZ,800医卫,20250511,7721.4622,,
000300.SH,沪深300,20250510,3846.1566,,
399933.SZ,800医卫,20250510,7721.4622,,
000300.SH,沪深300,20250509,3846.1566,1.19389526E10,2.16697939672E11
399933.SZ,800医卫,20250509,7721.4622,8.569146E8,2.40499484917E10
000300.SH,沪深300,20250508,3852.8963,1.24959833E10,2.46987280588E11
399933.SZ,800医卫,20250508,7719.9134,9.7329E8,2.39446963592E10
000300.SH,沪深300,20250507,3831.627,1.61172299E10,2.86010735453E11
399933.SZ,800医卫,20250507,7706.6265,1.120063E9,3.06021303632E10
000300.SH,沪深300,20250506,3808.5424,1.58520459E10,2.67937090757E11
399933.SZ,800医卫,20250506,7721.5776,1.1869499E9,3.12721005318E10
000300.SH,沪深300,20250505,3770.5705,,
399933.SZ,800医卫,20250505,7666.5011,,
000300.SH,沪深300,20250504,3770.5705,,
399933.SZ,800医卫,20250504,7666.5011,,
000300.SH,沪深300,20250503,3770.5705,,
399933.SZ,800医卫,20250503,7666.5011,,
000300.SH,沪深300,20250502,3770.5705,,
399933.SZ,800医卫,20250502,7666.5011,,
000300.SH,沪深300,20250501,3770.5705,,
399933.SZ,800医卫,20250501,7666.5011,,
000300.SH,沪深300,20250430,3770.5705,1.43681658E10,2.44820462218E11
399933.SZ,800医卫,20250430,7666.5011,1.1429759E9,3.05455596956E10
000300.SH,沪深300,20250429,3775.0767,1.11514694E10,1.97462744363E11
399933.SZ,800医卫,20250429,7605.8863,1.0793632E9,3.10049907593E10
000300.SH,沪深300,20250428,3781.6188,1.25145091E10,2.10635318523E11
399933.SZ,800医卫,20250428,7571.6621,9.926354E8,2.7829172265E10
000300.SH,沪深300,20250427,3786.9937,,
399933.SZ,800医卫,20250427,7602.2267,,
000300.SH,沪深300,20250426,3786.9937,,
399933.SZ,800医卫,20250426,7602.2267,,
000300.SH,沪深300,20250425,3786.9937,1.24591133E10,2.20535052619E11
399933.SZ,800医卫,20250425,7602.2267,1.1907855E9,3.17513516671E10
000300.SH,沪深300,20250424,3784.3574,1.1716456E10,2.05483051375E11
399933.SZ,800医卫,20250424,7621.9692,9.127976E8,2.51574563448E10
000300.SH,沪深300,20250423,3786.8824,1.3198687E10,2.47117386122E11
399933.SZ,800医卫,20250423,7602.1408,1.0256103E9,2.80344817667E10
000300.SH,沪深300,20250422,3783.9522,1.25688257E10,2.10200698794E11
399933.SZ,800医卫,20250422,7635.6607,1.0890967E9,3.05659322506E10
000300.SH,沪深300,20250421,3784.8806,1.2135573E10,2.08085677382E11
399933.SZ,800医卫,20250421,7567.0369,7.67456E8,2.12182291846E10
000300.SH,沪深300,20250420,3772.523,,
399933.SZ,800医卫,20250420,7507.2568,,
000300.SH,沪深300,20250419,3772.523,,
399933.SZ,800医卫,20250419,7507.2568,,
000300.SH,沪深300,20250418,3772.523,1.02948509E10,1.73109384097E11
399933.SZ,800医卫,20250418,7507.2568,6.659318E8,1.80522808204E10
000300.SH,沪深300,20250417,3772.2221,1.22371002E10,2.09012323066E11
399933.SZ,800医卫,20250417,7546.1136,7.400142E8,2.07054891258E10
000300.SH,沪深300,20250416,3772.8204,1.56359006E10,2.61711094769E11
399933.SZ,800医卫,20250416,7552.1475,1.0253014E9,2.659193703E10
000300.SH,沪深300,20250415,3761.2348,1.3400604E10,2.28604621376E11
399933.SZ,800医卫,20250415,7584.6102,9.476279E8,2.5752391431E10
000300.SH,沪深300,20250414,3759.1422,1.64462403E10,2.92571297039E11
399933.SZ,800医卫,20250414,7596.124,1.0779004E9,2.97032612654E10
000300.SH,沪深300,20250413,3750.5167,,
399933.SZ,800医卫,20250413,7566.7089,,
000300.SH,沪深300,20250412,3750.5167,,
399933.SZ,800医卫,20250412,7566.7089,,
000300.SH,沪深300,20250411,3750.5167,1.68759691E10,3.18535141904E11
399933.SZ,800医卫,20250411,7566.7089,1.1004467E9,3.05607042233E10
000300.SH,沪深300,20250410,3735.1151,2.27252227E10,4.03842564856E11
399933.SZ,800医卫,20250410,7573.8833,1.4665655E9,4.09477423805E10
000300.SH,沪深300,20250409,3686.7943,2.62305708E10,4.5503106929E11
399933.SZ,800医卫,20250409,7462.8482,1.7653096E9,4.85567633844E10
000300.SH,沪深300,20250408,3650.759,2.80197312E10,4.64021087838E11
399933.SZ,800医卫,20250408,7452.7871,1.9730141E9,5.31914436525E10
000300.SH,沪深300,20250407,3589.4406,3.12578586E10,5.12971787745E11
399933.SZ,800医卫,20250407,7395.4719,2.4270965E9,6.31912457341E10
000300.SH,沪深300,20250406,3861.5034,,
399933.SZ,800医卫,20250406,7942.784,,
000300.SH,沪深300,20250405,3861.5034,,
399933.SZ,800医卫,20250405,7942.784,,
000300.SH,沪深300,20250404,3861.5034,,
399933.SZ,800医卫,20250404,7942.784,,
000300.SH,沪深300,20250403,3861.5034,1.42599789E10,2.63684681545E11
399933.SZ,800医卫,20250403,7942.784,1.0344619E9,3.03975103632E10
000300.SH,沪深300,20250402,3884.3858,1.13043175E10,1.98267515342E11
399933.SZ,800医卫,20250402,7979.8235,1.023925E9,3.03058602309E10
000300.SH,沪深300,20250401,3887.6841,1.40380274E10,2.4604167467E11
399933.SZ,800医卫,20250401,8059.6943,1.7941323E9,5.05830681453E10
000300.SH,沪深300,20250331,3887.3056,1.66798523E10,2.68480316572E11
399933.SZ,800医卫,20250331,7824.9125,1.1356489E9,3.02625863617E10
000300.SH,沪深300,20250330,3915.1662,,
399933.SZ,800医卫,20250330,7900.641,,
000300.SH,沪深300,20250329,3915.1662,,
399933.SZ,800医卫,20250329,7900.641,,
000300.SH,沪深300,20250328,3915.1662,1.26356214E10,2.13379194289E11
399933.SZ,800医卫,20250328,7900.641,1.1881484E9,3.36023717839E10
000300.SH,沪深300,20250327,3932.4117,1.26793738E10,2.32173613774E11
399933.SZ,800医卫,20250327,7931.2323,1.2404014E9,3.37436781028E10
000300.SH,沪深300,20250326,3919.3566,1.31164187E10,2.20943164486E11
399933.SZ,800医卫,20250326,7764.9173,7.573328E8,2.05592285656E10
000300.SH,沪深300,20250325,3932.2951,1.40475399E10,2.39246310986E11
399933.SZ,800医卫,20250325,7779.3833,8.130271E8,2.12859952961E10
000300.SH,沪深300,20250324,3934.8486,1.52234674E10,2.66051442613E11
399933.SZ,800医卫,20250324,7745.705,1.0014991E9,2.51107112515E10
000300.SH,沪深300,20250323,3914.6956,,
399933.SZ,800医卫,20250323,7781.7453,,
000300.SH,沪深300,20250322,3914.6956,,
399933.SZ,800医卫,20250322,7781.7453,,
000300.SH,沪深300,20250321,3914.6956,1.65905294E10,3.09348613935E11
399933.SZ,800医卫,20250321,7781.7453,1.1423274E9,3.06682625277E10
000300.SH,沪深300,20250320,3974.9918,1.3375467E10,2.60020676826E11
399933.SZ,800医卫,20250320,7903.558,9.571664E8,2.699478714E10
000300.SH,沪深300,20250319,4010.168,1.44419428E10,2.86075300795E11
399933.SZ,800医卫,20250319,7990.388,1.1087673E9,3.16704328899E10
000300.SH,沪深300,20250318,4007.7229,1.40208496E10,2.92739319545E11
399933.SZ,800医卫,20250318,7984.6098,1.1874568E9,3.67255634385E10
000300.SH,沪深300,20250317,3996.7876,1.62202911E10,3.18904417418E11
399933.SZ,800医卫,20250317,7897.5765,1.1373553E9,3.1431024213E10
000300.SH,沪深300,20250316,4006.5567,,
399933.SZ,800医卫,20250316,7907.4852,,
000300.SH,沪深300,20250315,4006.5567,,
399933.SZ,800医卫,20250315,7907.4852,,
000300.SH,沪深300,20250314,4006.5567,2.16139003E10,4.50895278803E11
399933.SZ,800医卫,20250314,7907.4852,1.5720566E9,4.36282799407E10
000300.SH,沪深300,20250313,3911.5793,1.56536443E10,2.9517311258E11
399933.SZ,800医卫,20250313,7723.0284,1.0414747E9,2.62535067782E10
000300.SH,沪深300,20250312,3927.2315,1.5673219E10,3.09627267365E11
399933.SZ,800医卫,20250312,7750.0856,1.167638E9,2.81957836775E10
000300.SH,沪深300,20250311,3941.4157,1.44754402E10,2.8748045312E11
399933.SZ,800医卫,20250311,7802.8847,1.1579484E9,2.99557934824E10
000300.SH,沪深300,20250310,3928.8018,1.52765232E10,2.92574987481E11
399933.SZ,800医卫,20250310,7784.8086,1.3693378E9,3.07423833867E10
000300.SH,沪深300,20250309,3944.0143,,
399933.SZ,800医卫,20250309,7761.61,,
000300.SH,沪深300,20250308,3944.0143,,
399933.SZ,800医卫,20250308,7761.61,,
000300.SH,沪深300,20250307,3944.0143,1.66732375E10,3.40626700286E11
399933.SZ,800医卫,20250307,7761.61,1.1239817E9,2.84350089951E10
000300.SH,沪深300,20250306,3956.2369,1.93960915E10,3.97419427643E11
399933.SZ,800医卫,20250306,7837.8787,1.3883967E9,3.36632224111E10
000300.SH,沪深300,20250305,3902.5706,1.58652751E10,2.90860484505E11
399933.SZ,800医卫,20250305,7721.7181,1.0282166E9,2.50172926639E10
000300.SH,沪深300,20250304,3885.2208,1.49850967E10,2.97739246802E11
399933.SZ,800医卫,20250304,7782.7014,1.1292615E9,2.66606896228E10
000300.SH,沪深300,20250303,3888.4738,1.77623166E10,3.56057735014E11
399933.SZ,800医卫,20250303,7763.0018,1.4266774E9,3.46281970288E10
000300.SH,沪深300,20250302,3890.0487,,
399933.SZ,800医卫,20250302,7722.1387,,
000300.SH,沪深300,20250301,3890.0487,,
399933.SZ,800医卫,20250301,7722.1387,,
000300.SH,沪深300,20250228,3890.0487,1.98104147E10,4.2030804345E11
399933.SZ,800医卫,20250228,7722.1387,1.3943193E9,3.65401855334E10
000300.SH,沪深300,20250227,3968.1159,2.02887963E10,4.28272792668E11
399933.SZ,800医卫,20250227,7884.7348,1.4585336E9,3.57644868555E10
000300.SH,沪深300,20250226,3959.9413,1.91062501E10,3.86458193763E11
399933.SZ,800医卫,20250226,7863.1653,1.2371597E9,3.14018349337E10
000300.SH,沪深300,20250225,3925.6505,1.7810858E10,3.7798145125E11
399933.SZ,800医卫,20250225,7789.0565,1.33438E9,3.23234541334E10
000300.SH,沪深300,20250224,3969.7169,2.20810618E10,4.55088749685E11
399933.SZ,800医卫,20250224,7891.5185,1.6707365E9,4.20859243024E10
000300.SH,沪深300,20250223,3978.444,,
399933.SZ,800医卫,20250223,7995.1609,,
000300.SH,沪深300,20250222,3978.444,,
399933.SZ,800医卫,20250222,7995.1609,,
000300.SH,沪深300,20250221,3978.444,2.2740033E10,5.04645493577E11
399933.SZ,800医卫,20250221,7995.1609,2.1084539E9,5.10560085665E10
000300.SH,沪深300,20250220,3928.8959,1.63895236E10,3.25972429363E11
399933.SZ,800医卫,20250220,7895.8859,2.1817693E9,4.75878315277E10
000300.SH,沪深300,20250219,3940.1602,1.82829517E10,3.63680372563E11
399933.SZ,800医卫,20250219,7755.5421,1.670088E9,3.4943429495E10
000300.SH,沪深300,20250218,3912.7829,2.09425101E10,4.00186229941E11
399933.SZ,800医卫,20250218,7720.1093,2.0116149E9,3.84797566194E10
000300.SH,沪深300,20250217,3947.3983,2.13588246E10,4.30929575563E11
399933.SZ,800医卫,20250217,7848.3281,1.7707026E9,4.86797415556E10
000300.SH,沪深300,20250216,3939.0085,,
399933.SZ,800医卫,20250216,7821.9634,,
000300.SH,沪深300,20250215,3939.0085,,
399933.SZ,800医卫,20250215,7821.9634,,
000300.SH,沪深300,20250214,3939.0085,1.72976452E10,3.60974236854E11
399933.SZ,800医卫,20250214,7821.9634,1.6164702E9,4.24247135615E10
000300.SH,沪深300,20250213,3905.1398,1.72485874E10,3.76473453307E11
399933.SZ,800医卫,20250213,7641.5796,1.3526123E9,2.88781663008E10
000300.SH,沪深300,20250212,3919.8617,1.6422854E10,3.54830596298E11
399933.SZ,800医卫,20250212,7660.3585,1.2545338E9,2.68403460182E10
000300.SH,沪深300,20250211,3883.1352,1.66574909E10,3.37866056116E11
399933.SZ,800医卫,20250211,7637.8976,1.2386118E9,2.94811955996E10
000300.SH,沪深300,20250210,3901.0618,1.8890304E10,3.84968342874E11
399933.SZ,800医卫,20250210,7723.9119,1.4637466E9,3.4520968713E10
000300.SH,沪深300,20250209,3892.7028,,
399933.SZ,800医卫,20250209,7639.0066,,
000300.SH,沪深300,20250208,3892.7028,,
399933.SZ,800医卫,20250208,7639.0066,,
000300.SH,沪深300,20250207,3892.7028,2.21857707E10,4.87381557078E11
399933.SZ,800医卫,20250207,7639.0066,1.3725738E9,3.55582512463E10
000300.SH,沪深300,20250206,3842.8314,1.67288176E10,3.71891971101E11
399933.SZ,800医卫,20250206,7526.06,9.289751E8,2.56772846951E10
000300.SH,沪深300,20250205,3795.0848,1.57168308E10,3.46016202025E11
399933.SZ,800医卫,20250205,7435.0411,8.189398E8,2.12028832959E10
000300.SH,沪深300,20250204,3817.0802,,
399933.SZ,800医卫,20250204,7423.4153,,
000300.SH,沪深300,20250203,3817.0802,,
399933.SZ,800医卫,20250203,7423.4153,,
000300.SH,沪深300,20250202,3817.0802,,
399933.SZ,800医卫,20250202,7423.4153,,
000300.SH,沪深300,20250201,3817.0802,,
399933.SZ,800医卫,20250201,7423.4153,,
000300.SH,沪深300,20250131,3817.0802,,
399933.SZ,800医卫,20250131,7423.4153,,
000300.SH,沪深300,20250130,3817.0802,,
399933.SZ,800医卫,20250130,7423.4153,,
000300.SH,沪深300,20250129,3817.0802,,
399933.SZ,800医卫,20250129,7423.4153,,
000300.SH,沪深300,20250128,3817.0802,,
399933.SZ,800医卫,20250128,7423.4153,,
000300.SH,沪深300,20250127,3817.0802,1.46670772E10,2.829401275406E11
399933.SZ,800医卫,20250127,7423.4153,7.370677E8,1.83544473741E10
000300.SH,沪深300,20250126,3832.8637,,
399933.SZ,800医卫,20250126,7420.7617,,
000300.SH,沪深300,20250125,3832.8637,,
399933.SZ,800医卫,20250125,7420.7617,,
000300.SH,沪深300,20250124,3832.8637,1.48971722E10,2.96474375469E11
399933.SZ,800医卫,20250124,7420.7617,8.166324E8,2.17112828301E10
000300.SH,沪深300,20250123,3803.7439,1.80569551E10,3.45198071114E11
399933.SZ,800医卫,20250123,7396.7974,8.074511E8,2.02498825519E10
000300.SH,沪深300,20250122,3797.0166,1.37255062E10,2.98745637551E11
399933.SZ,800医卫,20250122,7402.0598,6.827469E8,1.78354866511E10
000300.SH,沪深300,20250121,3832.6145,1.41218406E10,2.85073351693E11
399933.SZ,800医卫,20250121,7465.5035,7.422306E8,2.0334098472E10
000300.SH,沪深300,20250120,3829.6764,1.39581277E10,2.92175449109E11
399933.SZ,800医卫,20250120,7473.0491,8.667067E8,2.51434319659E10
000300.SH,沪深300,20250119,3812.3429,,
399933.SZ,800医卫,20250119,7372.5412,,
000300.SH,沪深300,20250118,3812.3429,,
399933.SZ,800医卫,20250118,7372.5412,,
000300.SH,沪深300,20250117,3812.3429,1.26621961E10,2.65437489594E11
399933.SZ,800医卫,20250117,7372.5412,7.089651E8,1.82637994859E10
000300.SH,沪深300,20250116,3800.3836,1.44505871E10,3.05734630771E11
399933.SZ,800医卫,20250116,7358.0952,7.95633E8,2.05574708725E10
000300.SH,沪深300,20250115,3796.026,1.4147552E10,2.78850595532E11
399933.SZ,800医卫,20250115,7375.3154,7.225296E8,1.85492285784E10
000300.SH,沪深300,20250114,3820.5395,1.70664657E10,3.45461480064E11
399933.SZ,800医卫,20250114,7453.5083,9.919554E8,2.49450930807E10
000300.SH,沪深300,20250113,3722.513,1.36446199E10,2.47861953197E11
399933.SZ,800医卫,20250113,7266.839,6.946869E8,1.74950774903E10
000300.SH,沪深300,20250112,3732.4806,,
399933.SZ,800医卫,20250112,7238.0181,,
000300.SH,沪深300,20250111,3732.4806,,
399933.SZ,800医卫,20250111,7238.0181,,
000300.SH,沪深300,20250110,3732.4806,1.37523171E10,2.75354209064E11
399933.SZ,800医卫,20250110,7238.0181,7.35318E8,1.93567597406E10
000300.SH,沪深300,20250109,3779.8773,1.29794002E10,2.5148600282E11
399933.SZ,800医卫,20250109,7321.2591,7.394906E8,1.80872512363E10
000300.SH,沪深300,20250108,3789.2153,1.69166968E10,3.00965725433E11
399933.SZ,800医卫,20250108,7356.2101,1.0083135E9,2.3871467346E10
000300.SH,沪深300,20250107,3796.1055,1.46455779E10,2.66855795347E11
399933.SZ,800医卫,20250107,7418.857,1.1311366E9,2.43712743259E10
000300.SH,沪深300,20250106,3768.9697,1.5094667E10,2.62803541116E11
399933.SZ,800医卫,20250106,7531.7093,1.0735639E9,2.57867056782E10
000300.SH,沪深300,20250105,3775.1648,,
399933.SZ,800医卫,20250105,7475.7392,,
000300.SH,沪深300,20250104,3775.1648,,
399933.SZ,800医卫,20250104,7475.7392,,
000300.SH,沪深300,20250103,3775.1648,1.75342676E10,3.04322755436E11
399933.SZ,800医卫,20250103,7475.7392,9.247685E8,2.39384354805E10
000300.SH,沪深300,20250102,3820.3952,2.17898724E10,3.88636586639E11
399933.SZ,800医卫,20250102,7558.3018,1.0575622E9,2.8824573729E10
000300.SH,沪深300,20250101,3934.9109,,
399933.SZ,800医卫,20250101,7752.4213,,
