date,installation_mwh,yoy_pct,source
2017-01-31,110.0,,中国汽车动力电池产业创新联盟/iFinD
2017-02-28,230.0,,中国汽车动力电池产业创新联盟/iFinD
2017-03-31,940.0,,中国汽车动力电池产业创新联盟/iFinD
2017-04-30,930.0,,中国汽车动力电池产业创新联盟/iFinD
2017-05-31,1440.0,,中国汽车动力电池产业创新联盟/iFinD
2017-06-30,2170.0,,中国汽车动力电池产业创新联盟/iFinD
2017-07-31,2600.0,,中国汽车动力电池产业创新联盟/iFinD
2017-08-31,2900.0,,中国汽车动力电池产业创新联盟/iFinD
2017-09-30,3430.0,,中国汽车动力电池产业创新联盟/iFinD
2017-10-31,2920.0,,中国汽车动力电池产业创新联盟/iFinD
2017-11-30,7160.0,,中国汽车动力电池产业创新联盟/iFinD
2017-12-31,11600.0,,中国汽车动力电池产业创新联盟/iFinD
2018-01-31,1310.0,1090.91,中国汽车动力电池产业创新联盟/iFinD
2018-02-28,1030.0,347.83,中国汽车动力电池产业创新联盟/iFinD
2018-03-31,2080.0,121.28,中国汽车动力电池产业创新联盟/iFinD
2018-04-30,3760.0,304.3,中国汽车动力电池产业创新联盟/iFinD
2018-05-31,4500.0,212.5,中国汽车动力电池产业创新联盟/iFinD
2018-06-30,2870.0,32.26,中国汽车动力电池产业创新联盟/iFinD
2018-07-31,3340.0,28.46,中国汽车动力电池产业创新联盟/iFinD
2018-08-31,4180.0,44.14,中国汽车动力电池产业创新联盟/iFinD
2018-09-30,5720.0,66.76,中国汽车动力电池产业创新联盟/iFinD
2018-10-31,5940.0,103.42,中国汽车动力电池产业创新联盟/iFinD
2018-11-30,8920.0,24.58,中国汽车动力电池产业创新联盟/iFinD
2018-12-31,13370.0,15.26,中国汽车动力电池产业创新联盟/iFinD
2019-01-31,4970.0,279.39,中国汽车动力电池产业创新联盟/iFinD
2019-02-28,2240.0,117.48,中国汽车动力电池产业创新联盟/iFinD
2019-03-31,5090.0,144.71,中国汽车动力电池产业创新联盟/iFinD
2019-04-30,5410.0,43.88,中国汽车动力电池产业创新联盟/iFinD
2019-05-31,5680.0,26.22,中国汽车动力电池产业创新联盟/iFinD
2019-06-30,6620.0,130.66,中国汽车动力电池产业创新联盟/iFinD
2019-07-31,4700.0,40.72,中国汽车动力电池产业创新联盟/iFinD
2019-08-31,3460.0,-17.22,中国汽车动力电池产业创新联盟/iFinD
2019-09-30,3953.7,-30.88,中国汽车动力电池产业创新联盟/iFinD
2019-10-31,4074.6,-31.4,中国汽车动力电池产业创新联盟/iFinD
2019-11-30,6289.1,-29.49,中国汽车动力电池产业创新联盟/iFinD
2019-12-31,9709.3,-27.38,中国汽车动力电池产业创新联盟/iFinD
2020-01-31,2316.7,-53.39,中国汽车动力电池产业创新联盟/iFinD
2020-02-29,598.1,-73.3,中国汽车动力电池产业创新联盟/iFinD
2020-03-31,2770.1,-45.58,中国汽车动力电池产业创新联盟/iFinD
2020-04-30,3587.3,-33.69,中国汽车动力电池产业创新联盟/iFinD
2020-05-31,3506.2,-38.27,中国汽车动力电池产业创新联盟/iFinD
2020-06-30,4699.3,-29.01,中国汽车动力电池产业创新联盟/iFinD
2020-07-31,5019.1,6.79,中国汽车动力电池产业创新联盟/iFinD
2020-08-31,5128.6,48.23,中国汽车动力电池产业创新联盟/iFinD
2020-09-30,6578.8,66.4,中国汽车动力电池产业创新联盟/iFinD
2020-10-31,5867.4,44.0,中国汽车动力电池产业创新联盟/iFinD
2020-11-30,10614.1,68.77,中国汽车动力电池产业创新联盟/iFinD
2020-12-31,12952.4,33.4,中国汽车动力电池产业创新联盟/iFinD
2021-01-31,8661.2,273.86,中国汽车动力电池产业创新联盟/iFinD
2021-02-28,5579.0,832.79,中国汽车动力电池产业创新联盟/iFinD
2021-03-31,8996.5,224.77,中国汽车动力电池产业创新联盟/iFinD
2021-04-30,8394.7,134.01,中国汽车动力电池产业创新联盟/iFinD
2021-05-31,9755.0,178.22,中国汽车动力电池产业创新联盟/iFinD
2021-06-30,11099.9,136.2,中国汽车动力电池产业创新联盟/iFinD
2021-07-31,11292.3,124.99,中国汽车动力电池产业创新联盟/iFinD
2021-08-31,12560.0,144.9,中国汽车动力电池产业创新联盟/iFinD
2021-09-30,15694.7,138.56,中国汽车动力电池产业创新联盟/iFinD
2021-10-31,15418.9,162.79,中国汽车动力电池产业创新联盟/iFinD
2021-11-30,20825.0,96.2,中国汽车动力电池产业创新联盟/iFinD
2021-12-31,26218.5,102.42,中国汽车动力电池产业创新联盟/iFinD
2022-01-31,16184.0,86.86,中国汽车动力电池产业创新联盟/iFinD
2022-02-28,13676.0,145.13,中国汽车动力电池产业创新联盟/iFinD
2022-03-31,21415.3,138.04,中国汽车动力电池产业创新联盟/iFinD
2022-04-30,13269.1,58.07,中国汽车动力电池产业创新联盟/iFinD
2022-05-31,18564.1,90.3,中国汽车动力电池产业创新联盟/iFinD
2022-06-30,27011.2,143.35,中国汽车动力电池产业创新联盟/iFinD
2022-07-31,24187.2,114.19,中国汽车动力电池产业创新联盟/iFinD
2022-08-31,27752.2,120.96,中国汽车动力电池产业创新联盟/iFinD
2022-09-30,31634.2,101.56,中国汽车动力电池产业创新联盟/iFinD
2022-10-31,30542.5,98.08,中国汽车动力电池产业创新联盟/iFinD
2022-11-30,34262.3,64.52,中国汽车动力电池产业创新联盟/iFinD
2022-12-31,36149.4,37.88,中国汽车动力电池产业创新联盟/iFinD
2023-01-31,16133.2,-0.31,中国汽车动力电池产业创新联盟/iFinD
2023-02-28,21935.2,60.39,中国汽车动力电池产业创新联盟/iFinD
2023-03-31,27782.7,29.73,中国汽车动力电池产业创新联盟/iFinD
2023-04-30,25138.2,89.45,中国汽车动力电池产业创新联盟/iFinD
2023-05-31,28242.3,52.13,中国汽车动力电池产业创新联盟/iFinD
2023-06-30,32896.6,21.79,中国汽车动力电池产业创新联盟/iFinD
2023-07-31,32238.0,33.29,中国汽车动力电池产业创新联盟/iFinD
2023-08-31,34880.4,25.69,中国汽车动力电池产业创新联盟/iFinD
2023-09-30,36400.0,15.1,中国汽车动力电池产业创新联盟/iFinD
2023-10-31,39200.0,28.3,中国汽车动力电池产业创新联盟/iFinD
2023-11-30,44900.0,31.0,中国汽车动力电池产业创新联盟/iFinD
2023-12-31,47900.0,32.6,中国汽车动力电池产业创新联盟/iFinD
2024-01-31,32300.0,100.2,中国汽车动力电池产业创新联盟/iFinD
2024-02-29,18000.0,-18.1,中国汽车动力电池产业创新联盟/iFinD
2024-03-31,35000.0,25.8,中国汽车动力电池产业创新联盟/iFinD
2024-04-30,35400.0,40.9,中国汽车动力电池产业创新联盟/iFinD
2024-05-31,39900.0,41.2,中国汽车动力电池产业创新联盟/iFinD
2024-06-30,42800.0,30.2,中国汽车动力电池产业创新联盟/iFinD
2024-07-31,41600.0,29.0,中国汽车动力电池产业创新联盟/iFinD
2024-08-31,47200.0,35.3,中国汽车动力电池产业创新联盟/iFinD
2024-09-30,54500.0,49.6,中国汽车动力电池产业创新联盟/iFinD
2024-10-31,59200.0,51.0,中国汽车动力电池产业创新联盟/iFinD
2024-11-30,67200.0,49.7,中国汽车动力电池产业创新联盟/iFinD
2024-12-31,75400.0,57.3,中国汽车动力电池产业创新联盟/iFinD
2025-01-31,38800.0,20.1,中国汽车动力电池产业创新联盟/iFinD
2025-02-28,34900.0,94.1,中国汽车动力电池产业创新联盟/iFinD
2025-03-31,56600.0,61.8,中国汽车动力电池产业创新联盟/iFinD
2025-04-30,54100.0,52.8,中国汽车动力电池产业创新联盟/iFinD
2025-05-31,57100.0,43.1,中国汽车动力电池产业创新联盟/iFinD
2025-06-30,58200.0,35.9,中国汽车动力电池产业创新联盟/iFinD
2025-07-31,55900.0,34.3,中国汽车动力电池产业创新联盟/iFinD
2025-08-31,62500.0,32.4,中国汽车动力电池产业创新联盟/iFinD
2025-09-30,76000.0,39.5,中国汽车动力电池产业创新联盟/iFinD
2025-10-31,84100.0,42.1,中国汽车动力电池产业创新联盟/iFinD
2025-11-30,93500.0,39.2,中国汽车动力电池产业创新联盟/iFinD
2025-12-31,98100.0,35.1,中国汽车动力电池产业创新联盟/iFinD
2026-01-31,42000.0,8.4,中国汽车动力电池产业创新联盟/iFinD
2026-02-28,26300.0,-24.6,中国汽车动力电池产业创新联盟/iFinD
2026-03-31,56500.0,-0.1,中国汽车动力电池产业创新联盟/iFinD
